词条名,0min,30min,60min,90min,120min,150min,180min,210min,240min,270min,300min,330min,360min,390min,420min,450min,480min,510min,540min,570min,600min,630min,660min,690min,720min,750min,780min,810min,840min,870min,900min,930min,960min,990min,1020min,1050min,1080min,1110min,1140min,1170min,1200min,1230min,1260min,1290min,1320min,1350min,1380min,1410min,1440min
Mystic致歉信,144927,1269567,317329,457760,453331,383572,243849,195430,181989,176066,116358,78033,60414,42923,30283,21391,16629,15370,13640,10995,10021,11393,16166,31768,,,,,,,,,,,,,,,,,,,,,,,,,
高以翔女友爸爸晒高以翔背影照,137237,4186018,4381774,3776985,3347922,3044177,2968750,1954923,1530252,1246557,478966,387258,302077,223229,210483,163757,77179,76163,58443,33651,29881,26964,29085,41207,61562,101110,99321,101706,94032,96652,,,,,,,,,,,,,,,,,,,
李晨范冰冰,109728,516642,413971,414414,559408,528417,246417,336321,292380,274942,256984,203824,143949,98669,73427,55944,41168,32296,25620,22522,19491,17888,20548,32028,58619,161908,190840,249673,191351,218022,195788,221585,175202,,,,,,,,,,,,,,,,
打卡日本,143229,199100,294174,269039,176695,172421,149327,138941,133102,122081,107215,78395,61267,45293,34561,28084,22176,19116,17979,16850,13754,14160,14837,21023,37963,55122,64112,68284,65204,59631,50712,,,,,,,,,,,,,,,,,,
特朗普又口误,149262,320805,281151,266684,193324,128061,81360,73651,56759,46999,41788,35759,41555,38152,32157,107703,120043,218768,309399,162573,179011,,,,,,,,,,,,,,,,,,,,,,,,,,,,
EXO延期回归,38653,1247633,1380243,1350344,866860,661771,547286,438204,299132,213591,183680,232890,,,,,,,,,,,,,,,,,,,,,,,,,,,,,,,,,,,,,
李荣浩 想上新歌就那么难吗,145292,450705,1939136,2068068,1669629,1274582,438100,308941,287607,285262,268159,258714,260352,262899,217477,163897,,,,,,,,,,,,,,,,,,,,,,,,,,,,,,,,,
你可能吃了假重庆火锅,125853,356626,276695,294965,352270,422439,350306,388813,282604,252715,204819,163886,,,,,,,,,,,,,,,,,,,,,,,,,,,,,,,,,,,,,
小学生吐槽学习16小时没工资,107404,214028,200352,181932,150204,98298,,,,,,,,,,,,,,,,,,,,,,,,,,,,,,,,,,,,,,,,,,,
孙悦流泪缅怀吉喆,120792,274498,288283,462628,498214,440628,321811,255085,190291,149135,79647,53201,42005,33722,27732,22902,19779,18473,23138,34362,77531,124885,127464,118028,133830,107930,97224,,,,,,,,,,,,,,,,,,,,,,
李连杰女儿,163923,2228026,2933604,2691777,2242834,1321218,1010968,782961,599634,256479,222651,171924,218246,192035,160601,149923,,,,,,,,,,,,,,,,,,,,,,,,,,,,,,,,,
歌舞青春男主染病紧急送医,104666,481582,996568,796979,615004,255963,,,,,,,,,,,,,,,,,,,,,,,,,,,,,,,,,,,,,,,,,,,
存在三个女生的友谊吗,174288,205736,312139,502179,360547,226154,,,,,,,,,,,,,,,,,,,,,,,,,,,,,,,,,,,,,,,,,,,
半个喜剧,219974,233611,220899,207360,165542,133887,103811,75191,59243,51698,47216,40235,37647,26040,18296,22449,30115,50549,70790,82826,84021,85216,86411,87606,88801,89995,91190,92385,93580,94775,95970,97165,98360,99555,100750,101945,103139,104334,105529,106724,107919,109114,110309,111504,112699,113894,115088,116283,117478
校方回应校服收费2300元,167006,262739,348680,377681,279103,250434,211294,178396,168336,167539,,,,,,,,,,,,,,,,,,,,,,,,,,,,,,,,,,,,,,,
易烊千玺谈流量标签,104286,456270,1332941,1188544,1055257,822965,573552,361521,232569,176637,131882,104593,87741,76604,71249,63424,82265,99850,176705,332040,230481,201963,164867,,,,,,,,,,,,,,,,,,,,,,,,,,
延边大学一次清退136名研究生,75030,1287718,1333797,1048779,875738,803277,825281,657685,389673,338633,390186,628313,149001,95602,81566,,,,,,,,,,,,,,,,,,,,,,,,,,,,,,,,,,
炸猪排钥匙扣,177487,178928,523665,612232,587986,493616,299183,205659,140470,,,,,,,,,,,,,,,,,,,,,,,,,,,,,,,,,,,,,,,,
专家建议不要在1月制定新年计划,129632,1924798,2046424,1781011,1345713,1252325,1387692,2922382,3441929,3168552,2746720,1937969,1490479,998871,668141,499768,429394,246649,66498,50394,52706,58209,56540,82534,139341,272106,501078,603261,745172,472216,120726,103097,223189,,,,,,,,,,,,,,,,
女生眼里的电子产品,150142,317839,366767,302359,212036,171029,164597,149913,139923,149245,155834,141075,127444,113505,,,,,,,,,,,,,,,,,,,,,,,,,,,,,,,,,,,
广东警方查获走私冻肉730吨,88241,294424,316782,287332,238487,191165,158095,133641,117992,,,,,,,,,,,,,,,,,,,,,,,,,,,,,,,,,,,,,,,,
贾乃亮的配音,99012,1688445,1582518,1279609,949802,645874,525587,398262,288834,222843,187027,165743,203748,209960,238931,364457,679862,1144383,1513910,985382,745382,490118,300133,205470,161900,133042,119779,105191,,,,,,,,,,,,,,,,,,,,,
当代大学生沈眉庄,117492,377725,430200,257597,388121,362008,341814,302392,437991,281793,577701,551756,517536,344098,484194,377981,274568,171790,108419,75838,48060,36635,30311,27147,24049,24211,21759,48763,95469,200324,223102,258562,243821,302379,232272,152525,111057,101527,85717,73126,,,,,,,,,
岳云鹏打翻媳妇化妆品,136610,3987969,4071354,3663661,3194332,2941933,2751210,2678627,2792849,2511934,1344438,471211,216576,,,,,,,,,,,,,,,,,,,,,,,,,,,,,,,,,,,,
拖欠农民工工资最高可获刑7年,111011,312948,650710,385534,289414,,,,,,,,,,,,,,,,,,,,,,,,,,,,,,,,,,,,,,,,,,,,
建立全国统一演出票务监管服务平台,130228,638102,743734,501323,602063,464124,122452,86195,,,,,,,,,,,,,,,,,,,,,,,,,,,,,,,,,,,,,,,,,
越南举行死亡货车遇难者葬礼,43109,1117243,4129639,629452,396408,361171,361808,398659,180898,113111,81482,62339,,,,,,,,,,,,,,,,,,,,,,,,,,,,,,,,,,,,,
冬天早起有多难,31815,255441,361464,318651,215435,,,,,,,,,,,,,,,,,,,,,,,,,,,,,,,,,,,,,,,,,,,,
抵御南方湿冷吃什么,145839,170095,171815,,,,,,,,,,,,,,,,,,,,,,,,,,,,,,,,,,,,,,,,,,,,,,
黄子韬王彦霖互放黑照,174739,240590,648921,277867,215301,181208,193482,193423,165182,168161,,,,,,,,,,,,,,,,,,,,,,,,,,,,,,,,,,,,,,,
九成感冒不需要吃抗菌药,138456,763416,585360,513734,357508,241603,170688,,,,,,,,,,,,,,,,,,,,,,,,,,,,,,,,,,,,,,,,,,
香港特区政府就禁蒙面法违宪上诉,130890,1254389,1067563,1024104,904145,719604,455300,341348,269615,297539,406837,385551,367614,293727,221932,141292,96359,69820,55574,43743,35247,26541,24047,21293,23172,30626,56120,119416,168855,206861,233685,271181,231617,213823,252215,,,,,,,,,,,,,,
浓眉 哈特,197292,317247,264650,175205,,,,,,,,,,,,,,,,,,,,,,,,,,,,,,,,,,,,,,,,,,,,,
吴磊认真,44931,169356,605934,248015,227222,221123,194751,162513,135944,120922,,,,,,,,,,,,,,,,,,,,,,,,,,,,,,,,,,,,,,,
交通部谈滴滴顺风车重新上线,142949,676822,625369,401175,230205,172818,128038,83006,,,,,,,,,,,,,,,,,,,,,,,,,,,,,,,,,,,,,,,,,
印度14亿人仍在用现金,157152,624643,667628,563744,371230,226770,149138,97464,68817,50608,43683,41535,40061,38159,39067,52746,88994,113805,136148,146802,140569,142482,,,,,,,,,,,,,,,,,,,,,,,,,,,
胡歌最美表演,124600,330734,403449,302615,243378,225699,199961,181832,164585,154242,146175,148340,142663,125688,75463,,,,,,,,,,,,,,,,,,,,,,,,,,,,,,,,,,
哈利波特香水,160921,348277,282441,277533,214164,178307,152482,138135,124465,,,,,,,,,,,,,,,,,,,,,,,,,,,,,,,,,,,,,,,,
高以翔粉丝的信,136840,1336619,1246768,323965,307480,326554,276878,290790,217982,227918,220204,192843,184076,,,,,,,,,,,,,,,,,,,,,,,,,,,,,,,,,,,,
今日说法 宇芽,136479,4931973,5409373,4254966,3228630,2970467,2474742,1382823,2007442,1943950,2192948,2391235,2081005,2351031,2466859,1886383,2036155,1701515,1713553,2713207,2705327,2687691,612388,352897,247605,184681,187173,115176,63961,40866,31319,20101,15825,14259,13219,17817,30805,35567,36324,,,,,,,,,,
王一博之歌,58195,225706,234311,212320,235860,201747,164230,189279,195853,161546,117723,100001,,,,,,,,,,,,,,,,,,,,,,,,,,,,,,,,,,,,,
香港超5800人涉威胁公共安全被捕,107918,2852550,2642490,1180762,984337,1045275,1038444,1083056,712471,799446,904976,702039,829677,536816,500509,454919,1345949,1293938,549815,468243,563784,518569,487981,746740,708210,592272,532091,860109,802035,324460,233337,277857,228591,168821,94646,65599,47990,37257,29749,23863,19459,18246,17817,18510,25477,53430,107771,153010,184560
山东高铁,120424,333704,367495,417916,344836,342922,312604,348196,340429,265889,179842,109859,133156,109634,86520,61648,41631,32787,25601,20648,18256,17014,17890,18432,26578,47658,54826,66043,64915,65873,62054,,,,,,,,,,,,,,,,,,
LOL新英雄厄斐琉斯,110871,381932,300033,289105,324526,299727,287614,257083,171506,118890,,,,,,,,,,,,,,,,,,,,,,,,,,,,,,,,,,,,,,,
甄嬛传cp大赛,196442,191947,216445,185262,140798,97346,74066,49692,35755,27420,23267,20936,20717,23365,40649,70653,153496,125670,,,,,,,,,,,,,,,,,,,,,,,,,,,,,,,
因为胖都受到哪些委屈,200871,292054,263211,220265,178319,122147,97580,60385,41721,34160,29232,28344,28066,27647,32799,55456,81959,93892,104008,,,,,,,,,,,,,,,,,,,,,,,,,,,,,,
吃火锅时最low的行为,126346,385476,938855,867552,761804,668169,672562,534088,476966,416694,408019,374170,349756,318061,317246,292286,246099,210289,194506,160747,138781,118871,93265,63061,45608,42537,27211,21603,18202,15729,12206,11678,12273,13954,20095,,,,,,,,,,,,,,
pdd加盟吐槽大会,129038,259963,235464,274927,616232,538941,342770,346531,376098,296160,210277,168339,,,,,,,,,,,,,,,,,,,,,,,,,,,,,,,,,,,,,
影楼店员将起诉自杀女子家属,167191,574268,1233189,1326094,1094709,824981,677352,540660,387928,252696,175964,166657,120073,101835,71608,66599,70117,82909,129432,231134,396543,394645,383530,304799,259322,162375,124543,,,,,,,,,,,,,,,,,,,,,,
掉入冰窟窿后如何自救,134183,260332,107901,135206,97219,73903,62734,42252,33874,27047,28999,37084,67026,133990,171237,207642,201363,169805,109155,,,,,,,,,,,,,,,,,,,,,,,,,,,,,,
绝美肩颈线大赏,60440,137780,196974,191582,198606,223873,217258,165837,145630,125688,,,,,,,,,,,,,,,,,,,,,,,,,,,,,,,,,,,,,,,
贾跃亭个人资产14.1亿美元,153904,535033,303108,351728,372457,463611,393224,292757,235964,197426,,,,,,,,,,,,,,,,,,,,,,,,,,,,,,,,,,,,,,,
梦回大清改编,116513,353530,338783,242300,428821,342376,332387,298936,257711,212099,173505,155218,147211,,,,,,,,,,,,,,,,,,,,,,,,,,,,,,,,,,,,
俄罗斯扇耳光大赛冠军被扇晕,142924,353607,299081,338120,243132,208809,210486,189990,165538,134139,109234,89551,69614,52983,38556,31146,27398,23100,16462,15009,14980,16139,21443,32293,48185,,,,,,,,,,,,,,,,,,,,,,,,
春节快递停发时间表是假的,135007,973303,976056,1546090,579025,506832,511026,596753,494018,405014,184652,,,,,,,,,,,,,,,,,,,,,,,,,,,,,,,,,,,,,,
消防员为什么用叉子吃饭,128982,282344,697443,630228,642446,672121,640571,457792,536237,525874,694669,493113,351998,288924,187762,111046,131538,49474,39162,31815,66345,56354,56420,65668,57549,115493,234502,265825,280112,445715,150112,89408,,,,,,,,,,,,,,,,,
迪丽热巴韩网生图,225901,590761,610920,599825,675843,623215,473423,277782,173490,126609,101926,81517,64606,45413,33067,31271,37468,67265,145226,142408,215032,333556,355973,299440,215890,343216,281400,227660,195419,170554,,,,,,,,,,,,,,,,,,,
杨迪妈妈太可爱了,152705,1219174,1158364,864353,545553,367124,257134,176981,96628,84038,89010,87296,90138,99681,165102,344938,578325,669774,318187,266483,172337,169471,144409,121236,124504,,,,,,,,,,,,,,,,,,,,,,,,
新闻联播里最甜的小可爱,86048,878762,716765,488478,316385,233075,190292,121662,74279,53823,46998,45763,53103,78261,148214,303867,382378,496909,532917,468028,499451,448517,335248,235699,104864,,,,,,,,,,,,,,,,,,,,,,,,
沈义人微博,222595,205020,127773,202508,,,,,,,,,,,,,,,,,,,,,,,,,,,,,,,,,,,,,,,,,,,,,
演员请就位最终入围名单,101705,1188960,1224482,1196213,529264,670390,536708,395240,277720,200199,146993,96826,70046,58143,47696,38548,28088,23925,20089,20466,25428,42478,66090,85734,90369,98385,,,,,,,,,,,,,,,,,,,,,,,
九寨沟景区对散客开放,150058,1029917,766409,508662,328959,222122,166545,103999,77355,68707,65476,60889,54992,56935,102263,163353,306630,399551,425128,489393,354463,1076869,114355,70842,57989,60321,70583,61985,39298,,,,,,,,,,,,,,,,,,,,
网红书店规定打卡必买一本书,78013,765296,688575,623569,491009,221900,343047,301876,294705,334520,314979,270533,220719,193784,153301,133290,122338,111509,102228,,,,,,,,,,,,,,,,,,,,,,,,,,,,,,
2020年中印游客可免签入境马来西亚,171363,426519,473509,391144,1354537,1515953,370705,1170549,113195,82602,,,,,,,,,,,,,,,,,,,,,,,,,,,,,,,,,,,,,,,
辣条按调味面制品管理,92223,958141,870256,435058,1285815,404130,819626,431127,248605,147308,119721,101428,88404,64151,,,,,,,,,,,,,,,,,,,,,,,,,,,,,,,,,,,
永远不要在俄罗斯叫外卖,145190,863022,873772,648261,517089,489562,483938,425261,416481,433868,395230,381882,410735,268475,328984,259655,209781,204046,190996,168924,154703,152334,,,,,,,,,,,,,,,,,,,,,,,,,,,
乳腺癌多为无痛肿块,150401,316459,383457,585612,453803,454701,436883,413991,602004,480185,192234,228050,166001,114637,79364,54003,41557,31907,28936,31794,39274,61446,94076,157485,197836,234109,212152,160189,130206,115880,,,,,,,,,,,,,,,,,,,
异地恋到底有多难熬,173181,177954,186599,255563,243368,179931,157877,132590,126086,118896,,,,,,,,,,,,,,,,,,,,,,,,,,,,,,,,,,,,,,,
南方人说话有多软糯,163853,263406,490589,468426,444408,382789,431619,395740,392267,341172,259469,210924,148424,95254,64955,44005,29939,24670,20968,18924,17223,17559,18660,29757,57348,,,,,,,,,,,,,,,,,,,,,,,,
交警李佳琦式宣传交通安全,136543,2261246,2312549,2107550,1638699,1399346,1441891,1476408,1101942,792012,642197,410274,243051,144069,,,,,,,,,,,,,,,,,,,,,,,,,,,,,,,,,,,
杨紫 尖叫女神,139590,2746639,2821326,2515346,2353706,1901396,1417440,945292,630391,256228,144985,237123,200493,150907,119322,106941,106037,112433,114982,382262,542484,138538,114160,,,,,,,,,,,,,,,,,,,,,,,,,,
易建联CBA历史得分王,175861,404552,987146,308170,262917,217664,172412,127159,81907,72692,69926,239150,99262,134271,99109,52467,64948,76744,74881,82866,116434,234105,96230,136542,,,,,,,,,,,,,,,,,,,,,,,,,
冷鲜店查出7000余只野生动物死尸,52480,693989,786622,403004,452483,336283,286668,237292,191549,166656,160849,177087,147942,,,,,,,,,,,,,,,,,,,,,,,,,,,,,,,,,,,,
东京奥运场馆发现致癌物质,41465,709755,869740,766747,582987,437726,342619,286568,310363,381367,210882,308904,136459,102600,92394,,,,,,,,,,,,,,,,,,,,,,,,,,,,,,,,,,
中国曲协严厉谴责张云雷,194354,404099,382171,429150,312438,454578,473521,439475,377784,234150,243090,219957,246841,201288,153024,132391,90320,66905,52102,38642,33618,23964,20116,17928,17099,17294,25354,39403,84363,111573,113990,,,,,,,,,,,,,,,,,,
张良黄金白羊座,127118,131310,155230,168674,140309,115638,98304,90426,79376,75267,74115,74276,74437,74599,74760,74921,75082,75244,75405,75566,75727,75889,76050,76211,76372,76534,76695,76856,77018,77179,77340,77501,77663,77824,77985,78146,78308,78469,78630,78791,78953,79114,79275,79436,79598,79759,79920,80082,80243
50后网购的样子,152476,284360,344614,399171,376117,355767,340612,293202,286627,268830,183887,,,,,,,,,,,,,,,,,,,,,,,,,,,,,,,,,,,,,,
猩妃,141149,645851,636966,595947,512456,427050,478224,505819,606955,336974,344919,314886,314618,250960,204059,181924,161291,137992,121254,85469,,,,,,,,,,,,,,,,,,,,,,,,,,,,,
坐公交把手机扔进投币箱,126661,384927,394520,311666,211224,170873,148833,140885,,,,,,,,,,,,,,,,,,,,,,,,,,,,,,,,,,,,,,,,,
金宇彬康复后首亮相,173650,1730366,1459309,1253088,1471485,1304206,700755,618574,424205,257630,163950,114750,88748,71108,53300,35113,29359,24239,23372,28263,42228,81111,112908,146194,152982,,,,,,,,,,,,,,,,,,,,,,,,
孟美岐短发造型,156949,500378,641753,410619,392856,380278,375845,334176,287207,253084,237953,187321,168452,144019,126590,,,,,,,,,,,,,,,,,,,,,,,,,,,,,,,,,,
日本女性最想拥有的颜,69501,582391,399892,529271,434650,269207,335106,416450,370660,324755,284931,288798,323649,312455,348303,253554,241274,178571,140129,88752,60767,44516,35535,27713,25021,23395,23053,18316,28267,40583,64280,87674,104775,112381,114312,104737,89610,82863,75161,67547,47064,,,,,,,,
被活埋男婴父亲到村医家致谢,164896,311175,639793,522450,440937,316886,271032,199728,154415,121174,87201,,,,,,,,,,,,,,,,,,,,,,,,,,,,,,,,,,,,,,
两千年前动物木乃伊被发现,219002,450087,434885,469426,562051,513679,517776,405596,368201,1306799,1270629,1062740,646395,805755,686046,191531,,,,,,,,,,,,,,,,,,,,,,,,,,,,,,,,,
罗伯遗体将被带回内地安葬,208902,2856179,2492076,1885760,983847,1083964,893882,951889,914359,742658,761076,360205,303313,358374,355083,354586,355169,348611,346091,345386,347620,345360,347821,302347,293400,349977,169334,136918,111482,122720,,,,,,,,,,,,,,,,,,,
龙俊亨ins简介,168016,572100,621850,338674,445557,363069,708960,587757,467479,379406,313993,292680,250838,203012,171583,146788,,,,,,,,,,,,,,,,,,,,,,,,,,,,,,,,,
中了东北男明星的毒,213213,463501,342154,306510,236370,256667,239258,235823,278012,203811,249490,,,,,,,,,,,,,,,,,,,,,,,,,,,,,,,,,,,,,,
直男眼里的护肤,233545,168323,165577,143547,106815,80736,61769,42282,31267,25683,22028,19483,17834,15641,16073,21880,39178,81325,101960,109249,111595,117613,,,,,,,,,,,,,,,,,,,,,,,,,,,
韩庚卢靖姗官宣结婚,107827,3613183,3502068,3103717,2807128,2976400,2510872,2182428,1726784,1257275,977579,829871,635765,411305,265141,204659,158278,137661,122367,,,,,,,,,,,,,,,,,,,,,,,,,,,,,,
神武门现巨型御猫,145018,290570,376692,349215,360282,281272,219693,178869,160126,152171,122240,116479,110719,104958,99198,93437,87677,81916,76156,70395,64635,58874,53114,47353,41593,35832,30072,24311,18551,12790,,,,,,,,,,,,,,,,,,,
李沁金鹤奖最佳女配角,124636,1346148,2328530,1528419,1641955,1193845,1074948,2001177,869834,1674950,671171,643010,603061,667616,677406,317157,,,,,,,,,,,,,,,,,,,,,,,,,,,,,,,,,
全国机场将推行餐饮同城同价,113934,218928,351778,207802,147779,104166,77679,54965,43153,36476,73261,33096,38704,41634,36557,31697,100671,113729,211240,143798,111722,78946,,,,,,,,,,,,,,,,,,,,,,,,,,,
武汉不明原因肺炎不能断定是SARS,86885,1408913,1701067,1521933,1240471,1081805,626871,844197,654210,608380,461012,229401,158508,,,,,,,,,,,,,,,,,,,,,,,,,,,,,,,,,,,,
解说iG是个力气活,146010,284148,263813,275059,131807,109233,79233,63263,41703,36252,34934,36122,47167,87467,154760,176163,203883,176449,166974,128895,98913,,,,,,,,,,,,,,,,,,,,,,,,,,,,
宋轶黑色水纹长裙,81427,225978,235398,336199,235956,239177,169944,140940,99012,177475,,,,,,,,,,,,,,,,,,,,,,,,,,,,,,,,,,,,,,,
sm万圣节,130191,722359,827369,857845,719987,540885,549946,493586,450783,421962,458938,389192,397256,343609,201684,135226,97992,76700,51636,37823,29833,21216,19412,18739,21892,35220,60344,97114,,,,,,,,,,,,,,,,,,,,,
被问最多的口红色号,199140,336610,441714,321349,297808,268586,223979,331356,253185,221933,203714,201107,190492,167248,130156,85327,58026,43242,30281,23329,18480,14321,12802,11601,11658,13404,19801,,,,,,,,,,,,,,,,,,,,,,
滴滴调整顺风车试运营规则,75228,196382,221272,260367,280226,267197,274682,266924,228727,192325,165222,150735,96790,71266,52829,42653,33819,27235,25241,40028,74076,60270,70599,69183,65138,56197,45002,33806,30804,,,,,,,,,,,,,,,,,,,,
天火,65821,341358,390921,321224,202468,162091,130178,,,,,,,,,,,,,,,,,,,,,,,,,,,,,,,,,,,,,,,,,,
2019全国网红打卡地大赏,136826,290354,124041,96772,88876,,,,,,,,,,,,,,,,,,,,,,,,,,,,,,,,,,,,,,,,,,,,
大学没谈过恋爱意味着什么,237761,302034,360524,350530,300772,240956,229733,195669,190693,,,,,,,,,,,,,,,,,,,,,,,,,,,,,,,,,,,,,,,,
初恋到底是什么样子的,209364,202458,211172,191595,163271,124985,91271,56843,42310,29244,23835,22473,20494,17351,20693,32222,68426,74654,88634,103814,,,,,,,,,,,,,,,,,,,,,,,,,,,,,
北京台春晚代言人,178286,1009150,1403276,1024553,1038839,910307,854010,686104,537512,403622,399571,377411,192476,159144,,,,,,,,,,,,,,,,,,,,,,,,,,,,,,,,,,,
惹女孩子生气该怎么哄,127245,329002,252546,191261,164784,110187,80688,46977,35646,30039,24558,23909,27725,36206,55483,77668,98684,99166,96109,104988,,,,,,,,,,,,,,,,,,,,,,,,,,,,,
哪些食物你从来不吃,134525,234156,271033,322059,220079,177086,156130,150206,,,,,,,,,,,,,,,,,,,,,,,,,,,,,,,,,,,,,,,,,
鼻子大的男生有多好看,171960,519589,471066,474100,358120,385373,369238,478747,325757,311177,326103,252730,182754,131055,97743,74605,56568,48856,40091,32472,24522,23596,25291,36585,48131,,,,,,,,,,,,,,,,,,,,,,,,
森与阳光,228036,477756,332499,329193,379174,1092067,939108,803136,628328,554082,538767,509983,635242,345312,568748,462547,423425,321243,252940,250069,219747,218708,195775,168989,133739,89877,62818,45589,32334,24699,20077,17146,15612,14097,13635,14181,18628,,,,,,,,,,,,
炎亚纶向被撞倒路人道歉,150598,2518469,2530639,2134498,1621581,1118146,748659,493418,359199,271349,215738,183252,163142,130110,118336,150014,266581,370845,494688,484834,463992,271626,245055,,,,,,,,,,,,,,,,,,,,,,,,,,
消防员李佳琦式解说消防常识,178598,157710,783678,670080,397668,229735,182259,117704,92553,79138,70450,56032,74667,110201,238097,344176,330467,316436,171242,184408,213740,362195,192977,137900,,,,,,,,,,,,,,,,,,,,,,,,,
白敬亭papi酱rap乱炖,135849,353302,318669,307388,550037,519596,489621,333755,298311,221639,282819,244327,,,,,,,,,,,,,,,,,,,,,,,,,,,,,,,,,,,,,
宋茜喊粉丝兄弟,137702,261510,327789,319007,298216,240814,149685,157315,,,,,,,,,,,,,,,,,,,,,,,,,,,,,,,,,,,,,,,,,
薅羊毛UP主被B站封号,72606,1282939,1509937,1362762,1933642,1907633,2296091,2025013,755202,684295,629384,612276,543624,495610,350526,243338,164127,116848,85833,61277,44041,35687,30834,27035,27359,32286,50878,104447,158771,173560,124859,91990,76774,71148,66410,60859,59355,53148,45699,49742,71306,,,,,,,,
真情实感嗑过的CP,97428,159688,229205,277531,232199,174677,154145,136551,126714,117484,113455,107502,116865,121591,115383,102444,87684,52041,,,,,,,,,,,,,,,,,,,,,,,,,,,,,,,
杨幂粉色羽毛礼裙,158775,1116672,1104338,958597,876379,262868,348850,403397,314369,252590,230971,211878,193147,181404,161049,138442,105461,92073,87163,,,,,,,,,,,,,,,,,,,,,,,,,,,,,,
请回答1988 美食篇,134834,476218,525825,453486,332370,252805,194100,165425,122588,102892,81507,70636,48731,40814,41310,40703,36428,59618,109713,160726,186543,192588,184909,180391,177183,163533,128532,,,,,,,,,,,,,,,,,,,,,,
日军后代向杨靖宇谢罪,182806,403728,407253,344785,283725,181454,152639,105907,65862,45947,34483,26317,22195,21572,24002,31604,65156,92818,108379,146926,180670,111939,,,,,,,,,,,,,,,,,,,,,,,,,,,
70万国画快递损毁只赔300,133191,861321,843656,736157,575707,468154,400299,344967,267617,213087,179005,171726,144935,117051,,,,,,,,,,,,,,,,,,,,,,,,,,,,,,,,,,,
全明星版野狼DISCO,119790,851866,946481,1090656,1212262,600223,484672,824166,661870,803373,658999,666381,437166,451138,842728,753964,636913,197877,133915,,,,,,,,,,,,,,,,,,,,,,,,,,,,,,
冰雪奇缘片尾 宝宝名单,123202,965202,1010258,832734,670931,688593,604227,1013330,286472,210624,,,,,,,,,,,,,,,,,,,,,,,,,,,,,,,,,,,,,,,
重庆妇联介入宇芽被家暴事件,184904,974470,1065809,2508351,2568633,2104923,1566458,628108,924463,587691,230923,170984,148948,146191,123332,109270,103844,98417,92990,87563,82136,76710,71283,65856,60429,55003,49576,44149,38722,33295,27869,22442,17015,11588,,,,,,,,,,,,,,,
狗界高考毕业生,126930,336834,315968,279073,204447,144832,97526,68650,48840,36809,31132,25600,23924,18453,19845,25854,40897,76790,103095,153683,161702,136976,118928,101974,,,,,,,,,,,,,,,,,,,,,,,,,
原来史努比是这么来的,102215,401831,332046,363341,281603,288674,,,,,,,,,,,,,,,,,,,,,,,,,,,,,,,,,,,,,,,,,,,
鼠年AirPods壳,100637,458068,588542,826359,703620,639163,527481,476416,402249,439978,231758,264158,250690,225563,236130,191467,107980,,,,,,,,,,,,,,,,,,,,,,,,,,,,,,,,
私用救护车接机多人被处分,172124,326558,312666,242834,186002,144566,108321,82473,57764,48293,37992,30651,26236,25265,30431,50844,127770,174873,193784,156115,120142,94413,68653,,,,,,,,,,,,,,,,,,,,,,,,,,
明星与厕所的恩怨情仇,158729,296630,873783,189736,384757,236436,150606,73733,73247,48680,38036,30040,43550,47080,63207,90582,173007,354372,330278,249032,167829,136455,157965,177693,159738,157083,141961,157002,,,,,,,,,,,,,,,,,,,,,
石原里美 东京电影节,81264,1011543,1042694,388111,620346,508419,329275,334683,202609,218028,248002,245120,201699,153969,,,,,,,,,,,,,,,,,,,,,,,,,,,,,,,,,,,
男人有多爱聊天,169853,170903,226571,274566,302293,330208,378521,372509,239574,160261,164791,163485,,,,,,,,,,,,,,,,,,,,,,,,,,,,,,,,,,,,,
地震时幼儿园老师抓起娃就跑,165860,2242694,1788867,1529616,2007285,1811620,1287761,972214,822752,419802,470572,,,,,,,,,,,,,,,,,,,,,,,,,,,,,,,,,,,,,,
大鹏给柳岩的信,44593,1943466,2428797,1982829,1430131,1255710,1280503,1062027,917385,330762,542888,390981,309851,252035,196476,163424,147624,140329,137241,129275,,,,,,,,,,,,,,,,,,,,,,,,,,,,,
不建议女生熬夜的原因,151536,1042461,464870,340902,593480,494222,490120,381355,290621,232724,208634,164286,143380,,,,,,,,,,,,,,,,,,,,,,,,,,,,,,,,,,,,
从小养狗或降低患精神分裂风险,152944,2288273,2337888,1745597,1767454,1234434,871645,606035,181981,130392,100844,84430,68776,48900,56029,56963,75202,111379,145228,65023,56359,,,,,,,,,,,,,,,,,,,,,,,,,,,,
幼师2分钟内殴打4幼童,149844,731125,698268,497968,399393,293376,314493,274765,285748,267058,235519,170366,123023,81920,56692,41266,31907,,,,,,,,,,,,,,,,,,,,,,,,,,,,,,,,
朱婷获全球十佳运动员奖,114568,354421,217532,134852,96316,74844,70698,,,,,,,,,,,,,,,,,,,,,,,,,,,,,,,,,,,,,,,,,,
找爸妈要生活费要太多了,206187,454440,339021,326103,352418,374578,336081,333504,294329,235651,201232,171560,163673,155628,,,,,,,,,,,,,,,,,,,,,,,,,,,,,,,,,,,
鲁班大师上线,126597,427416,597116,584544,506386,419627,475397,471670,394569,317656,245185,200959,185487,160691,145643,137548,135496,127951,,,,,,,,,,,,,,,,,,,,,,,,,,,,,,,
手撕渣男最爽的一次,148786,632778,517488,466527,402332,343829,325781,312450,302919,298149,318182,347790,321583,232537,232737,179897,122850,86162,60337,43269,33149,23323,21743,21043,20164,24651,37717,65817,105431,122494,120052,,,,,,,,,,,,,,,,,,
拍完艺术照9天后自杀,126174,360128,861029,600125,552898,613968,532969,579792,478022,403798,780967,684817,722217,702019,592840,536914,540302,1431626,1437757,846128,431708,,,,,,,,,,,,,,,,,,,,,,,,,,,,
奇葩说第六季没有陈铭,170419,615283,422025,318463,320538,304341,238298,188640,152511,117944,95044,69422,48598,33737,24735,20834,18603,17283,14035,13378,13248,13113,17853,,,,,,,,,,,,,,,,,,,,,,,,,,
邓伦小猪佩奇同款座驾,238985,457316,383833,444634,356697,374182,293911,257213,172186,,,,,,,,,,,,,,,,,,,,,,,,,,,,,,,,,,,,,,,,
何君尧我们挺你,171073,300712,263500,275461,256478,250236,242825,258157,261514,262720,253932,294185,300758,257986,201560,133402,83903,61001,48828,38614,30817,25383,21547,18534,19612,22094,44144,71514,138195,,,,,,,,,,,,,,,,,,,,
别人家学校的选修课,57867,216938,222957,343362,165149,115454,103799,94931,92472,83039,75788,66485,,,,,,,,,,,,,,,,,,,,,,,,,,,,,,,,,,,,,
广州旺旺涉嫌偷排强碱废水,137178,2676515,1634846,2282667,2016078,720712,548764,576028,463736,727249,538310,412228,255854,97439,126081,43164,26489,19184,13980,14072,,,,,,,,,,,,,,,,,,,,,,,,,,,,,
小虎队同框,113468,2324563,2381475,2237708,1751941,1693066,1571919,1060199,704346,478732,356558,269011,212787,162241,128284,106515,78357,68939,63958,90263,158085,287796,379950,249315,203239,161470,116416,,,,,,,,,,,,,,,,,,,,,,
二维码之父首谈中国使用超日本,154233,762306,684758,582448,534403,507139,634474,422944,304534,235176,137796,113266,65231,83403,64070,53998,47403,52084,51721,68245,88729,151471,178564,132855,,,,,,,,,,,,,,,,,,,,,,,,,
为时髦加分的帽子,213295,179301,,,,,,,,,,,,,,,,,,,,,,,,,,,,,,,,,,,,,,,,,,,,,,,
Ning和Theshy握手,212019,344309,725658,620555,494322,320097,219847,283359,122997,71300,52775,38220,33585,28331,23603,22028,25198,30430,43130,48456,,,,,,,,,,,,,,,,,,,,,,,,,,,,,
中国电视好演员盛典,205062,209302,224391,409859,377776,387203,379306,353943,335623,325933,365463,301082,300127,313593,577024,574830,533230,508264,1150162,876330,560000,331361,46868,32945,27532,21027,18795,15714,13218,10979,11834,9891,,,,,,,,,,,,,,,,,
杨超越致歉,195002,4726830,4758818,4361150,4131304,3706068,3084443,2324697,1622134,1099534,717137,524607,391428,294120,225577,186722,157977,152273,178971,273062,457900,748717,534896,261093,177629,145144,143536,128705,117322,114373,111424,108475,105527,102578,99629,96681,93732,90783,87835,84886,81937,78988,76040,73091,70142,67194,64245,61296,58348
蔡徐坤甩麦架,46155,133222,183378,187888,189542,153280,113066,,,,,,,,,,,,,,,,,,,,,,,,,,,,,,,,,,,,,,,,,,
自拍多了可能会生病,185142,266032,309632,251112,198201,275442,202631,147728,112664,56582,74746,60686,50928,52602,54537,58003,101267,123207,195587,243634,259999,899010,941999,185648,111671,,,,,,,,,,,,,,,,,,,,,,,,
2020年新年贺词,201691,1324587,862555,779060,,,,,,,,,,,,,,,,,,,,,,,,,,,,,,,,,,,,,,,,,,,,,
世界杯张本智和胜马龙,139714,236347,218874,197347,118986,,,,,,,,,,,,,,,,,,,,,,,,,,,,,,,,,,,,,,,,,,,,
美版咒怨新预告,98200,228006,282112,281995,236219,195692,211377,219898,198578,167331,136435,114601,96454,91454,,,,,,,,,,,,,,,,,,,,,,,,,,,,,,,,,,,
漠河冻梨变铁锤,133907,295205,1101846,1897899,1464842,630866,636281,2146660,612254,800642,572371,229392,,,,,,,,,,,,,,,,,,,,,,,,,,,,,,,,,,,,,
高以翔追悼会,138862,243457,1971915,3135043,3073616,3013360,2740989,2615653,1639722,261818,302388,240830,235323,244020,257911,250170,207449,185938,,,,,,,,,,,,,,,,,,,,,,,,,,,,,,,
如何走到互删好友这一步的,146427,317447,626334,651497,509455,547042,485850,356101,254007,167133,107307,76140,61005,52645,43635,34346,27348,23094,23114,26942,40261,72613,110898,,,,,,,,,,,,,,,,,,,,,,,,,,
这是一位上了发条的女人,126923,484328,388854,451785,355350,307032,309194,283806,261553,193394,147284,111176,74696,56841,43140,32610,23031,22245,19866,18253,16542,17711,23064,47482,58618,63868,,,,,,,,,,,,,,,,,,,,,,,
露对了才时髦,325170,531721,389980,290187,,,,,,,,,,,,,,,,,,,,,,,,,,,,,,,,,,,,,,,,,,,,,
周杰伦新歌我是如此相信,1003934,1695938,1916385,2076374,2461127,1912433,1559000,1226532,361312,280074,197814,254032,188332,192392,175920,,,,,,,,,,,,,,,,,,,,,,,,,,,,,,,,,,
韩国总统文在寅母亲去世,73128,1178386,1727746,1325389,805164,607022,453112,548271,433874,174310,160113,,,,,,,,,,,,,,,,,,,,,,,,,,,,,,,,,,,,,,
男孩打错电话拨给柬埔寨首相,149007,693758,1210185,1585236,1588935,1593693,1602863,1538670,1378909,1367001,1371823,846569,443727,247713,146089,101750,73806,61682,55524,48709,38932,37375,46174,71547,106812,88660,72398,55736,53289,67758,94506,106968,,,,,,,,,,,,,,,,,
小北 帽衫,124608,1088063,985685,818175,746143,544975,577865,486002,350237,238738,180831,192048,181011,145403,122382,89604,,,,,,,,,,,,,,,,,,,,,,,,,,,,,,,,,
实拍漠河震撼取冰现场,151740,219589,310558,293532,269349,206368,151727,,,,,,,,,,,,,,,,,,,,,,,,,,,,,,,,,,,,,,,,,,
一滴血测癌明年启动试验,175791,801665,659389,569176,686890,672461,553736,205948,156886,144166,124502,104183,83863,63543,43223,34408,34186,27512,22265,18824,14722,11363,,,,,,,,,,,,,,,,,,,,,,,,,,,
5G套餐资费,134705,271086,485115,836643,1843992,519844,480481,306412,245592,169889,,,,,,,,,,,,,,,,,,,,,,,,,,,,,,,,,,,,,,,
侵华日军相册发现南京大屠杀原版照片,89728,1058810,1058130,831777,637156,473595,443863,370099,322419,375162,217205,153094,127541,117410,97594,,,,,,,,,,,,,,,,,,,,,,,,,,,,,,,,,,
吉林坠江大客车事发监控,174277,752474,714024,742824,633794,738726,462529,711120,414180,281924,177343,181095,,,,,,,,,,,,,,,,,,,,,,,,,,,,,,,,,,,,,
9家电商平台下架电子烟,84100,522984,605257,331778,319705,128350,109369,90973,78112,58461,,,,,,,,,,,,,,,,,,,,,,,,,,,,,,,,,,,,,,,
被男友演唱会求婚当场晕倒,162900,353480,407133,322565,161179,113281,88228,66918,44528,33379,29220,25698,21307,19911,25928,54611,109094,281387,462266,318155,267073,255059,251001,222798,178710,140652,127246,126192,,,,,,,,,,,,,,,,,,,,,
你室友做过哪些沙雕的事,91682,251159,298727,242701,165541,129385,113859,,,,,,,,,,,,,,,,,,,,,,,,,,,,,,,,,,,,,,,,,,
暧昧久了会怎样,42184,471449,476858,442227,359644,306653,295933,288616,265378,262138,307750,309959,242309,182864,164366,129661,,,,,,,,,,,,,,,,,,,,,,,,,,,,,,,,,
易烊千玺演唱会主视觉海报,106776,289147,305783,317233,256720,264060,280171,324057,278478,247004,207699,188985,175116,153245,94003,,,,,,,,,,,,,,,,,,,,,,,,,,,,,,,,,,
黄执中 强,54338,171390,355971,185626,261087,239660,168783,172241,118955,122426,101242,,,,,,,,,,,,,,,,,,,,,,,,,,,,,,,,,,,,,,
没胡子的白宇,126539,357425,1039849,287545,407029,226550,300536,252118,265709,181689,166175,125124,92982,64149,42206,33361,21513,17913,16993,13930,11955,17658,19300,30582,60736,111772,196624,170668,382663,383055,1117885,396986,595327,201567,281136,121488,95707,70761,54188,45521,,,,,,,,,
那些初中退学的人怎么样了,22150,360217,359367,696759,594290,482413,487842,423147,348699,289994,233611,231173,229880,187568,,,,,,,,,,,,,,,,,,,,,,,,,,,,,,,,,,,
喇叭没电的油饼摊,136907,190379,327321,419635,332755,269078,202647,191549,176468,158430,129323,,,,,,,,,,,,,,,,,,,,,,,,,,,,,,,,,,,,,,
王珞丹玫瑰金短发,144158,425392,469789,887978,777707,702784,474095,476432,329444,318091,288636,275906,271719,263967,228499,183217,132588,87705,59192,43600,28223,20335,17111,15517,14276,13481,14627,16338,28658,60397,90642,125591,124939,101380,,,,,,,,,,,,,,,
用130年祖传LV行李箱装鸡饲料,197378,1388330,1114408,966840,938349,1241345,2880915,2938898,2555478,1847863,1445733,1848555,2513099,2336761,1631595,418272,256029,168408,116745,95795,76969,66138,34919,37440,44807,74850,143923,190169,231471,,,,,,,,,,,,,,,,,,,,
鹤唳华亭加更,162078,156978,151903,189581,129760,98592,71112,48942,36939,30840,25990,23526,40350,20081,25061,19698,70185,112091,228727,246453,350863,397369,120360,68335,48000,41728,,,,,,,,,,,,,,,,,,,,,,,
许魏洲外婆是费玉清粉丝,41897,1560767,2166768,2025562,407540,208712,202955,189204,152557,127059,121768,,,,,,,,,,,,,,,,,,,,,,,,,,,,,,,,,,,,,,
性格不合该分手吗,100773,208985,257700,295635,212257,170033,168906,144410,125846,,,,,,,,,,,,,,,,,,,,,,,,,,,,,,,,,,,,,,,,
法航返航乘客称已写好遗书,98789,718631,593708,474589,277085,299723,292842,264654,217469,177025,,,,,,,,,,,,,,,,,,,,,,,,,,,,,,,,,,,,,,,
王一博的包洗了,134349,2051705,2053704,1955510,2196761,2112210,1689690,480622,184720,452534,458857,348146,202750,,,,,,,,,,,,,,,,,,,,,,,,,,,,,,,,,,,,
浙江诸暨一民警因公牺牲,174925,218795,167796,132681,,,,,,,,,,,,,,,,,,,,,,,,,,,,,,,,,,,,,,,,,,,,,
明年港澳台居民可在内地参加社保,141256,834945,895199,718850,472989,424521,383277,827319,552201,192713,178130,144400,135965,131758,124134,94619,,,,,,,,,,,,,,,,,,,,,,,,,,,,,,,,,
是否应降低未成年人刑事责任年龄,119631,131199,182243,190973,143168,111054,110988,96695,,,,,,,,,,,,,,,,,,,,,,,,,,,,,,,,,,,,,,,,,
微软手机操作系统停更,101602,155245,123400,92048,,,,,,,,,,,,,,,,,,,,,,,,,,,,,,,,,,,,,,,,,,,,,
免疫系统太刚了,111747,278197,354480,357390,300802,272332,245852,234863,222394,187638,,,,,,,,,,,,,,,,,,,,,,,,,,,,,,,,,,,,,,,
冰雪奇缘,260309,231099,145296,109557,226467,265004,120334,150409,114668,56276,45848,81798,89208,107393,100593,199254,347159,491099,164849,143360,138470,133581,128691,123801,118911,114021,109131,104242,99352,94462,89572,87880,88978,90077,91176,92275,93373,94472,95571,96670,97768,98867,99966,101065,102164,103262,104361,105460,106559
三得利召回170万瓶奶茶,117965,215969,563723,542913,690408,435548,425304,442897,333474,327451,261625,324571,1118186,308058,263771,124737,85083,,,,,,,,,,,,,,,,,,,,,,,,,,,,,,,,
2020年春节档阵容,109642,476188,480639,433437,357267,302161,318024,271611,202879,171975,147412,145151,154675,135591,,,,,,,,,,,,,,,,,,,,,,,,,,,,,,,,,,,
以色列关闭所有驻外使领馆,114257,706603,842643,1707919,332257,367145,360534,320741,282214,328402,298393,295040,348036,293391,,,,,,,,,,,,,,,,,,,,,,,,,,,,,,,,,,,
北言北语,116315,718247,825705,740475,908593,289519,249986,196758,178607,133356,98980,80808,73879,46838,34134,25283,21640,19403,18597,17385,23509,39543,53482,71038,,,,,,,,,,,,,,,,,,,,,,,,,
黑五网购破纪录,97014,427288,417860,410431,451110,408443,364316,288185,243164,200944,109121,85856,58087,45690,57488,47021,37543,32277,21125,27903,41714,77069,125457,188610,161285,140507,125862,109054,,,,,,,,,,,,,,,,,,,,,
晚安公主,159855,1320242,2266389,1306514,965593,642603,800232,540594,374958,268074,210879,158756,159400,110359,125517,159796,280373,439552,749320,1171163,285000,207915,171677,,,,,,,,,,,,,,,,,,,,,,,,,,
宿管阿姨纸箱换零食,94407,517833,541316,484239,361180,275918,224889,186870,164130,152467,165165,173220,159815,151391,134937,132088,111356,104285,91837,,,,,,,,,,,,,,,,,,,,,,,,,,,,,,
搏击女选手遭家暴不忍报警,165521,481908,477197,408574,341128,305916,247969,196637,188488,186201,168047,142237,,,,,,,,,,,,,,,,,,,,,,,,,,,,,,,,,,,,,
徐峥斥责追我吧节目组,173633,9519037,10980421,10338873,7967549,6857214,5173452,3180692,2151528,1844971,1755020,1670343,683184,946086,660006,708203,339489,223606,150748,106523,72629,59625,48005,41177,36048,33538,42068,66136,105438,143747,170225,188097,142155,137646,123913,115487,111329,,,,,,,,,,,,
梁朝伟封面,154322,257551,235459,230338,222733,181923,109261,181487,,,,,,,,,,,,,,,,,,,,,,,,,,,,,,,,,,,,,,,,,
一场雪激发了多少创造力,96223,423202,380090,324030,254805,265568,252957,266621,246920,224814,161335,116250,93805,72872,54079,42564,33892,24806,20386,16641,16401,14310,18533,34336,55633,59252,,,,,,,,,,,,,,,,,,,,,,,
双子座流星雨直播,137007,226539,854646,543787,673828,767487,849871,924620,816062,625851,423023,295817,204031,147105,107080,84825,73124,70291,71118,91902,132253,219346,285851,440471,519258,490352,434985,299064,125785,,,,,,,,,,,,,,,,,,,,
在美失联女老师找到了,111586,999074,956536,825071,736708,697524,2590438,2479461,877925,629294,488537,699474,531418,472553,88054,,,,,,,,,,,,,,,,,,,,,,,,,,,,,,,,,,
武磊头球,55680,296941,347035,310622,244142,143227,,,,,,,,,,,,,,,,,,,,,,,,,,,,,,,,,,,,,,,,,,,
深圳绝杀新疆,157365,1113859,1244344,996747,894053,704440,500329,295260,195378,149824,129503,111017,91493,77261,67993,70992,93561,126459,233357,319352,1113466,1240845,157073,,,,,,,,,,,,,,,,,,,,,,,,,,
美国加州进入紧急状态,148132,451021,469328,407878,370033,350962,250362,292491,299558,259433,341116,172419,191434,407580,377825,275687,213477,144263,92210,62761,48852,34693,28897,25419,22690,20386,22577,26852,53987,103700,,,,,,,,,,,,,,,,,,,
章泽天杨天真合影,26022,1421397,1684712,1906160,1672312,1487144,450449,586278,402429,221452,241988,281738,271882,229591,189885,197934,169789,164977,132018,,,,,,,,,,,,,,,,,,,,,,,,,,,,,,
四川眉山挖出古墓,169390,334578,549450,540688,499534,398818,168878,,,,,,,,,,,,,,,,,,,,,,,,,,,,,,,,,,,,,,,,,,
若风回应换人,252657,2036309,1939706,1687402,1164812,2621779,711740,598363,529386,1327074,1263048,687513,829898,787038,613739,147147,102644,,,,,,,,,,,,,,,,,,,,,,,,,,,,,,,,
印度将中国领土划入所谓直辖区,190691,1422988,1667421,1462069,1498036,1485810,1366078,1016718,864392,723196,560940,563889,516751,543120,754834,650591,440501,273135,179245,148187,102102,78757,67264,62807,62091,65028,103711,165773,119529,,,,,,,,,,,,,,,,,,,,
颜值高但从未谈过恋爱,22142,274781,317590,398833,402119,387575,359457,330776,284324,272288,237476,196945,,,,,,,,,,,,,,,,,,,,,,,,,,,,,,,,,,,,,
短发女孩怎么穿,200963,211559,210600,217694,178484,121873,166375,,,,,,,,,,,,,,,,,,,,,,,,,,,,,,,,,,,,,,,,,,
郑爽张恒,117365,244195,264091,253002,257397,289104,284498,197767,129938,491494,490145,488796,487446,486097,484748,483399,482050,480701,479351,478002,476653,475304,473955,472605,471256,469907,468558,467209,465859,464510,463161,461812,460463,459113,457764,456415,455066,453717,452368,451018,449669,448320,446971,445622,444272,442923,441574,440225,438876
年龄大就要接受相亲吗,76138,97603,387597,337336,323775,233816,163969,115421,114629,112773,133694,150381,,,,,,,,,,,,,,,,,,,,,,,,,,,,,,,,,,,,,
如何应对男生的撩,153454,244285,319624,309266,297435,226298,174129,148674,136045,128671,118123,,,,,,,,,,,,,,,,,,,,,,,,,,,,,,,,,,,,,,
丛明晨腰椎横突骨折,128931,150733,168487,189746,131065,107196,86177,,,,,,,,,,,,,,,,,,,,,,,,,,,,,,,,,,,,,,,,,,
秦俊杰吃纸配音,139773,338169,387562,317587,280809,167737,126586,88465,61332,51964,46928,35638,33957,32849,33680,51191,98878,113136,138504,132281,130122,121129,74037,,,,,,,,,,,,,,,,,,,,,,,,,,
原著融梗电影连坐冤不冤,171110,185653,857934,635191,750321,707327,632380,554753,490945,481610,264781,141044,96269,70999,52116,37294,31683,24754,19995,16317,15418,14168,15583,22504,38983,,,,,,,,,,,,,,,,,,,,,,,,
峨眉金顶雪景,137834,385023,295934,412077,1023494,338811,481216,235967,169386,148459,131547,122003,68233,45571,31725,25899,21721,16580,13437,12228,11283,11879,11887,12963,12273,15968,25858,46103,69618,77965,81488,70321,60389,55188,49732,44978,,,,,,,,,,,,,
因为一个综艺又相信爱情了,153708,869214,635614,515882,442656,285791,437545,541909,526129,507043,709038,610300,281542,281409,161467,101513,62856,39815,30333,29504,27170,23284,26235,34689,71795,150948,190661,254198,257626,195497,149877,123059,117344,108041,,,,,,,,,,,,,,,
港警新一哥在央视发声,137588,1106782,1098786,985074,749016,579611,440774,588518,788542,747422,590568,237564,131121,294334,280617,300281,285039,271301,278575,281718,218941,307625,283961,258734,227934,180752,113958,82057,163298,130922,92570,64071,49105,39452,40731,38070,70943,113447,226943,329819,1294286,1318546,651763,667678,561648,571682,612556,571368,666532
怎么看待客户骂客服的现象,113421,268838,614093,396698,283086,175669,117636,96292,,,,,,,,,,,,,,,,,,,,,,,,,,,,,,,,,,,,,,,,,
陈伟霆悼念高以翔,248030,4178685,4477184,3881172,3471367,2909745,2392004,1364464,359815,258892,,,,,,,,,,,,,,,,,,,,,,,,,,,,,,,,,,,,,,,
误杀小女孩演技,533465,1620049,1623763,1367126,1199252,424393,760222,787922,719553,668603,548840,1222376,657244,336256,356087,314663,578603,571358,173155,134589,,,,,,,,,,,,,,,,,,,,,,,,,,,,,
婚礼失控现场,118614,308721,357306,1192565,943381,678897,520480,247358,302982,240086,187913,156466,134822,127984,,,,,,,,,,,,,,,,,,,,,,,,,,,,,,,,,,,
下雪后要做的第一件事,125624,252209,237781,221751,176302,162327,152656,138456,128609,127489,88959,84660,79207,62584,53970,47610,41249,34889,28528,22168,15807,,,,,,,,,,,,,,,,,,,,,,,,,,,,
夜猫子可能是遗传病,258983,253012,146167,142297,138428,81027,69310,101983,81402,235984,196592,122263,102082,82223,67051,35924,32923,42558,71348,143911,131380,103305,,,,,,,,,,,,,,,,,,,,,,,,,,,
穿长棉袄怎么上台阶,11611,87755,114307,365114,308476,300250,269105,236149,177096,136939,120734,,,,,,,,,,,,,,,,,,,,,,,,,,,,,,,,,,,,,,
中国队8天狂揽200枚奖牌,99866,209912,162501,126009,99730,,,,,,,,,,,,,,,,,,,,,,,,,,,,,,,,,,,,,,,,,,,,
刘宪华街头表演,93736,217698,352862,454539,288506,205271,209237,293591,295058,215971,237533,222170,184833,158333,148211,121699,,,,,,,,,,,,,,,,,,,,,,,,,,,,,,,,,
2019年爆笑新闻,96109,366809,423555,789422,758559,629871,365491,454978,158635,121935,,,,,,,,,,,,,,,,,,,,,,,,,,,,,,,,,,,,,,,
政法公务员辞职运毒被判死缓,163140,407912,451221,473239,417619,294347,236166,188841,151419,,,,,,,,,,,,,,,,,,,,,,,,,,,,,,,,,,,,,,,,
孩子裤子里塞了一条秋裤,165551,2442780,1884269,1764648,1178977,940884,746278,454301,313060,232722,172724,155069,116621,97290,70670,63100,64413,58089,118215,122902,221258,231302,288650,164241,116871,,,,,,,,,,,,,,,,,,,,,,,,
老奶奶深深鞠躬致谢礼让车主,113080,189137,213104,217573,212987,221635,250833,249666,255616,249828,237024,321421,303456,265456,227114,194094,117582,84784,63997,53217,41748,33340,30624,24247,20359,21083,28792,52136,127997,167907,230410,240486,244501,218065,206912,,,,,,,,,,,,,,
长春长生宣告破产,104307,2149162,2846657,2134416,1176916,908578,762644,540197,380024,263563,183002,137131,106691,81256,60001,40530,39134,38160,44825,88484,173990,456552,518849,236392,187153,136003,95295,77217,66536,57566,,,,,,,,,,,,,,,,,,,
高云翔案受害者首度视讯出庭,101868,879703,965938,1197934,718909,342584,261831,316034,165608,132368,104864,,,,,,,,,,,,,,,,,,,,,,,,,,,,,,,,,,,,,,
时速600公里磁悬浮真车首亮相,114567,226049,179232,196856,193930,226314,233631,206705,220427,228917,278416,292547,386221,342235,269177,214236,173713,114455,82563,54467,42098,33354,28181,24946,24439,21732,25525,34418,59774,104706,155182,182679,,,,,,,,,,,,,,,,,
中国雾凇之都今冬首现雾凇,179992,193081,113923,150150,,,,,,,,,,,,,,,,,,,,,,,,,,,,,,,,,,,,,,,,,,,,,
英国警马不喝奶茶不开工,145496,623822,356575,240093,287435,690159,524348,436781,490619,530598,171238,107655,86277,88183,,,,,,,,,,,,,,,,,,,,,,,,,,,,,,,,,,,
一起出发吧,141635,301979,325522,245925,164427,145863,137934,130005,122076,114147,106218,98289,90360,82431,74502,66573,58644,50715,42785,34856,26927,18998,11069,10795,11698,12601,13504,14408,15311,16214,17117,18020,18924,19827,20730,21633,22537,23440,24343,25246,26149,27053,27956,28859,29762,30665,31569,32472,33375
最想和考研同学说的话,119475,463554,320592,390788,291125,245701,199112,154285,,,,,,,,,,,,,,,,,,,,,,,,,,,,,,,,,,,,,,,,,
少年的你结局,129429,3698659,4218173,3611102,3293034,2688023,2196387,1989713,2776421,826306,683001,632628,602600,540206,534029,742736,750714,659884,506581,374437,234685,75831,59148,46441,32912,28540,24966,19729,17688,15953,21987,36566,,,,,,,,,,,,,,,,,
原来品如才是第三者,173701,1167782,1343459,1263974,977117,952229,815592,936152,879041,686260,598752,349384,302219,354412,351359,351044,351017,323015,322477,322635,324694,322975,325987,298984,291229,268696,343815,287680,267468,228720,210334,178440,137371,123870,,,,,,,,,,,,,,,
周震南蛙鸡包,103776,268551,245852,201957,218923,177657,165825,200562,,,,,,,,,,,,,,,,,,,,,,,,,,,,,,,,,,,,,,,,,
郭艾伦蛇皮走位一条龙,158485,320593,371774,297184,196852,141853,102394,60218,38205,29053,25510,25665,25608,26393,33384,58205,113854,148917,169988,153945,120861,79243,97938,116634,,,,,,,,,,,,,,,,,,,,,,,,,
法国小镇颁行死亡禁令,109198,719710,684262,578219,414847,869316,335729,164043,104283,,,,,,,,,,,,,,,,,,,,,,,,,,,,,,,,,,,,,,,,
老人花8年20万造木头跑车,172041,455857,526031,434912,255954,167887,156235,,,,,,,,,,,,,,,,,,,,,,,,,,,,,,,,,,,,,,,,,,
Duke将离开iG,97807,690485,608836,557966,453272,365065,324639,297410,252819,214391,181041,145628,105629,71323,46408,33947,24837,17810,14693,13002,11936,12014,11698,15829,26009,40208,,,,,,,,,,,,,,,,,,,,,,,
爸爸为4岁单眼女儿扮艾莎,172666,296499,516538,892298,487808,510900,411287,322372,230601,126971,,,,,,,,,,,,,,,,,,,,,,,,,,,,,,,,,,,,,,,
易烊千玺和小北的共鸣,135164,446390,629650,635162,479084,396494,284486,205068,200847,180770,166485,164059,,,,,,,,,,,,,,,,,,,,,,,,,,,,,,,,,,,,,
沙滩捡12块石头价值近百万,89368,189385,217789,259498,206170,199052,197755,181334,151285,132141,,,,,,,,,,,,,,,,,,,,,,,,,,,,,,,,,,,,,,,
游客云南遭天价运尸费达成调解,127705,201151,879220,469614,1057738,669716,587523,646008,,,,,,,,,,,,,,,,,,,,,,,,,,,,,,,,,,,,,,,,,
易烊千玺人形立牌,88888,170346,207619,235328,219160,264810,236898,175786,160597,156883,187226,231130,196840,140294,,,,,,,,,,,,,,,,,,,,,,,,,,,,,,,,,,,
2019年最后一天,143775,1303821,2158836,2418711,2746913,2575624,1814621,1474022,1110144,956269,797891,718467,1069457,527336,497250,608243,521350,506530,326232,435517,274866,221877,195577,172115,144358,143031,141705,140379,139052,137726,136400,135073,133747,132420,131094,90773,99879,,,,,,,,,,,,
易烊千玺经历了什么,64790,1394156,1923247,2769593,3085297,2946336,2781781,2581153,2345121,2165646,2035481,1536773,908716,375445,368625,348805,270640,223263,208569,184996,140472,133323,109846,106595,,,,,,,,,,,,,,,,,,,,,,,,,
台州一网约车司机车内死亡,118922,299451,272961,355215,296335,259045,222653,186941,166721,150369,,,,,,,,,,,,,,,,,,,,,,,,,,,,,,,,,,,,,,,
外交部回应美成立太空部队,173873,763670,722756,338717,332631,357718,393364,465003,393982,348384,286472,209745,142545,95908,70938,52567,43248,36601,30544,29290,23618,26974,35035,62315,134159,181365,217702,333156,,,,,,,,,,,,,,,,,,,,,
禁蒙面法暂时有效至本月29日,206156,1865477,1617003,1195479,1012064,1018221,1060186,927324,868106,982205,453648,385669,368542,361462,372426,355540,351525,352673,352749,350902,350662,352836,353259,309351,258454,453825,595957,536747,606677,485404,402532,175540,183835,262321,,,,,,,,,,,,,,,
在周杰伦演唱会写作业,176711,503595,973443,1062869,986279,536783,388221,360079,410620,376265,280230,223387,161948,126708,97825,71361,57982,46487,34998,63326,54664,20224,18686,27957,47465,73379,112891,114510,,,,,,,,,,,,,,,,,,,,,
黑粉冒充肖战小号,122021,415263,1071363,1103008,1006224,765476,763349,756968,362556,286549,256429,234912,210252,152211,121595,,,,,,,,,,,,,,,,,,,,,,,,,,,,,,,,,,
IU求握手被男粉拒绝,60352,161324,229194,288689,317047,442602,531918,480936,441870,481655,352478,372615,249195,273915,238533,227909,202336,,,,,,,,,,,,,,,,,,,,,,,,,,,,,,,,
直面抑郁症需要多大的勇气,19318,235639,286096,267888,379368,275868,167906,113734,95689,89189,88707,,,,,,,,,,,,,,,,,,,,,,,,,,,,,,,,,,,,,,
天下足球看哭了,163108,184729,202847,248871,170161,136785,97889,61430,42571,30888,27161,24402,22644,21605,18918,17862,20293,26179,39926,55402,60257,,,,,,,,,,,,,,,,,,,,,,,,,,,,
吐槽大会4定档,127739,847996,685740,638166,538745,854206,805559,666850,669182,586323,655935,285436,189835,176847,91421,59064,29575,23451,21288,31166,25393,23301,70734,116539,224459,240233,132598,93384,73203,59672,48838,44345,37354,,,,,,,,,,,,,,,,
刘迦舞蹈,54772,197491,221799,425024,415130,423848,,,,,,,,,,,,,,,,,,,,,,,,,,,,,,,,,,,,,,,,,,,
请叫师傅不要司机司机的叫,151731,334461,538881,502466,954742,487044,981654,718237,625371,576596,404323,274718,217153,206948,208776,211926,187404,129036,84501,56618,37875,23940,19594,15643,14343,13578,14062,18554,38013,78438,85926,128066,132064,,,,,,,,,,,,,,,,
2019年的最后一个月,75983,616545,647154,1143684,861681,831060,757296,677374,791446,617750,469134,887191,389422,344233,316725,305767,283266,262668,196290,168952,130842,,,,,,,,,,,,,,,,,,,,,,,,,,,,
李沁枫叶色眼妆,159613,1209833,1087408,1108614,898889,818273,776642,741046,678099,610815,1017246,1116817,1583995,1266393,858402,460172,313737,222167,167014,132920,102193,27166,18709,16746,15066,22418,41137,62327,79320,,,,,,,,,,,,,,,,,,,,
撒贝宁私生骚扰张绍刚,106598,1087919,1039413,994910,1377815,1021781,1118113,1271087,1064626,947831,895031,651184,487438,406842,1135232,328322,211506,158500,142959,134671,102421,,,,,,,,,,,,,,,,,,,,,,,,,,,,
格力电器删除电信业务,211552,287516,400846,1033848,655497,181189,,,,,,,,,,,,,,,,,,,,,,,,,,,,,,,,,,,,,,,,,,,
27岁女生成浙大博导,119042,325734,254754,1436179,1464530,1070367,816614,623077,560503,576618,468650,321929,280800,214964,182918,158605,129963,89494,59928,44712,29524,22880,16714,13575,12214,11610,10770,10792,12767,20705,33458,,,,,,,,,,,,,,,,,,
撒贝宁猜饭圈用语,120773,525225,443166,548963,378891,319780,302580,227232,318364,322356,325402,278777,298331,236767,189793,155671,95425,61841,40382,31476,24545,20012,17831,16284,15344,15020,14247,17701,26262,41376,61138,70399,,,,,,,,,,,,,,,,,
仓颉,173574,639178,623181,446054,294449,194268,133994,84110,58883,40986,29614,24302,25665,26368,30106,77208,103233,168921,145053,118379,130283,114463,107292,94981,,,,,,,,,,,,,,,,,,,,,,,,,
聊天时产生的错觉,79438,245963,429515,536352,324493,264782,279336,221287,201000,154954,167110,182883,135870,,,,,,,,,,,,,,,,,,,,,,,,,,,,,,,,,,,,
过生日要有仪式感,82861,394073,371440,342648,267536,236231,228872,205611,177001,154627,153182,140481,136673,132865,129057,125249,121441,117633,113825,110016,106208,102400,98592,94784,,,,,,,,,,,,,,,,,,,,,,,,,
死亡货车案死者遗体运回越南,153446,419555,337129,249998,260870,285613,252904,241899,250062,228942,213534,229155,217249,211850,275894,262850,248226,295756,275175,311157,,,,,,,,,,,,,,,,,,,,,,,,,,,,,
宇宙少女累瘫在舞台,139758,359069,417690,327916,385143,269542,236600,348135,352098,292974,257353,219638,164628,158229,146221,113357,122600,96310,122415,122204,96612,85157,,,,,,,,,,,,,,,,,,,,,,,,,,,
大学开设死亡体验课程,121963,935595,1152571,2288676,1277955,1387746,1359358,910642,538927,255472,90184,70204,57677,71891,60668,26528,26989,25352,31055,40827,96467,218898,811042,104031,91382,,,,,,,,,,,,,,,,,,,,,,,,
郑元畅Ella重聚,136722,1336174,1034855,708483,468116,299481,226909,143541,97290,57962,24335,35983,65252,71366,94739,159895,300660,272800,289343,430467,410653,190976,180461,142166,122450,110606,94554,,,,,,,,,,,,,,,,,,,,,,
莫雷诺跪走半场谢球迷,35007,373850,369019,360620,289568,696977,160437,111171,,,,,,,,,,,,,,,,,,,,,,,,,,,,,,,,,,,,,,,,,
双向暗恋能有多甜,79508,607208,633543,553111,491817,426478,412957,371648,369143,398066,336022,324434,261692,195682,164431,152393,137864,120427,115137,108682,,,,,,,,,,,,,,,,,,,,,,,,,,,,,
漫画卷到底有多美,112661,237431,225866,209026,164651,113629,,,,,,,,,,,,,,,,,,,,,,,,,,,,,,,,,,,,,,,,,,,
学霸情侣3年获近9万奖学金,136474,533008,339273,635776,295319,372303,285794,179125,132272,96947,,,,,,,,,,,,,,,,,,,,,,,,,,,,,,,,,,,,,,,
年龄大了必须要结婚吗,133364,478091,674608,894975,1571312,727093,589713,515154,1271416,1113232,599761,531797,473475,402021,485387,1302503,891253,740966,133129,,,,,,,,,,,,,,,,,,,,,,,,,,,,,,
香港警务处处长邓炳强今日赴京,155761,841885,784580,665299,525437,415512,619415,278844,186669,101244,78379,76431,74483,72535,70587,68639,66691,64743,62795,60847,58899,56951,55003,53055,51107,49159,47211,36344,44330,35578,28815,24110,23387,19465,22929,30712,54536,89064,136623,178352,,,,,,,,,
吴亦凡古装,270387,1233057,1025792,941728,1325991,1439643,1467498,1019490,534918,489111,386603,197759,305232,217895,139783,95373,70681,48745,39350,32126,24294,20626,16951,16570,21892,39762,62621,,,,,,,,,,,,,,,,,,,,,,
英驻香港总领馆雇员嫖娼审讯视频,198478,739650,701605,902545,854122,700129,718471,507579,522998,1017547,909049,904238,800861,722711,600071,375043,276809,314545,92051,101187,127671,97139,51373,70226,84427,94661,57665,155520,318996,495836,411502,612217,675518,777067,257797,248241,267591,250184,293119,,,,,,,,,,
迪丽热巴黄景瑜拥吻路透,146956,460528,396769,1222032,1013474,323724,835554,747929,614640,491220,451055,225210,224165,227156,198140,169733,130058,134332,,,,,,,,,,,,,,,,,,,,,,,,,,,,,,,
李国庆称未来择偶标准是傻白甜,177145,783982,533663,445739,260108,181230,121461,117641,61082,50768,43946,40141,41112,45595,54081,100184,246629,400140,399999,399866,367164,414655,158123,95795,,,,,,,,,,,,,,,,,,,,,,,,,
圣诞节表情包,44705,105483,177378,194277,152489,117888,114666,,,,,,,,,,,,,,,,,,,,,,,,,,,,,,,,,,,,,,,,,,
康辉回应朱广权,160272,3180108,2857260,2513922,2934353,2348878,748053,565892,471020,378795,588811,555737,513976,455311,259504,,,,,,,,,,,,,,,,,,,,,,,,,,,,,,,,,,
拍戏念数字1234,168560,1078571,1241588,980462,930859,773405,689659,664778,558915,509225,477291,290343,239931,183829,161580,,,,,,,,,,,,,,,,,,,,,,,,,,,,,,,,,,
四个字期待2020,160217,288405,423597,287400,378188,380092,433721,417799,386399,286561,201669,132999,92446,68215,53134,41564,33179,29028,22952,20463,17773,23495,41402,71446,101974,131833,146808,,,,,,,,,,,,,,,,,,,,,,
特战队员魔鬼周的日常,54745,83431,96722,87396,53864,34269,,,,,,,,,,,,,,,,,,,,,,,,,,,,,,,,,,,,,,,,,,,
84岁女儿回应被107岁妈妈塞糖,184604,401431,435174,440934,429378,357672,469272,366054,338720,,,,,,,,,,,,,,,,,,,,,,,,,,,,,,,,,,,,,,,,
不要小看孩子的模仿能力,175649,561275,413841,351295,254167,205542,204182,117909,75534,59053,47531,42579,25803,33813,30770,37124,60001,89792,118503,163011,164437,152488,,,,,,,,,,,,,,,,,,,,,,,,,,,
没有运动细胞是种什么体验,29101,260045,216948,180174,129600,97659,,,,,,,,,,,,,,,,,,,,,,,,,,,,,,,,,,,,,,,,,,,
林书豪球鞋印高以翔合影,186556,1681900,2064362,1372091,1177433,1240677,396820,339198,277066,252430,232347,245343,204006,207051,183823,163436,158249,109687,77280,52718,31587,23372,17473,15279,12504,11376,11543,14145,19904,37646,69500,102529,136979,156836,147336,113965,84409,65910,61889,49419,44021,,,,,,,,
香港阿Sir哭了,138826,1249288,716024,1088550,859537,699773,570917,507162,441626,437253,446760,418609,385037,357856,177003,,,,,,,,,,,,,,,,,,,,,,,,,,,,,,,,,,
大连被害女孩曾写信给父母,190571,1133684,1505539,2589958,697038,718299,537807,451314,828546,658882,681638,544037,278222,201914,135434,,,,,,,,,,,,,,,,,,,,,,,,,,,,,,,,,,
郑爽 粉色蛋糕裙,211723,2119521,1986325,1715698,460464,602989,454489,411222,686373,371149,325749,466340,379682,280087,222446,155707,97447,64318,46232,34536,26065,22063,19732,16422,15446,15063,21326,35190,,,,,,,,,,,,,,,,,,,,,
小龙堡 rng,73941,487699,620560,614363,467456,346773,287844,260394,213034,167535,160243,125401,,,,,,,,,,,,,,,,,,,,,,,,,,,,,,,,,,,,,
浙江卫视声明,179692,4852510,6562029,7779119,5963915,3352095,2052815,1292469,900676,673453,550112,472545,417086,338526,335381,393562,684393,1420081,2729392,557718,581164,452233,818609,657716,519660,118524,,,,,,,,,,,,,,,,,,,,,,,
对方哪个举动会让你死心,30827,232198,273264,269189,379584,279663,260016,203354,152882,187958,147933,114238,,,,,,,,,,,,,,,,,,,,,,,,,,,,,,,,,,,,,
你的发量适合哪个朝代发型,142075,360164,421970,450851,423647,398478,311456,231130,192073,,,,,,,,,,,,,,,,,,,,,,,,,,,,,,,,,,,,,,,,
陈情令原画设定集,155353,522333,369655,502395,410562,363623,304635,282080,240922,225666,195991,168302,161774,139960,119794,87035,59877,39367,26073,19531,14447,,,,,,,,,,,,,,,,,,,,,,,,,,,,
章莹颖案凶手转移监狱,154152,1436508,1601017,1345097,2538056,2546978,4200627,3354527,493726,496982,463048,347218,412300,111854,,,,,,,,,,,,,,,,,,,,,,,,,,,,,,,,,,,
Cindy沙漠大片,207731,363023,334104,334364,347495,361893,325619,365781,291175,235065,207887,142458,161548,167159,141113,139729,139682,140083,137230,129046,153570,153779,153779,142774,137008,91556,106948,134335,146739,137005,127469,106222,,,,,,,,,,,,,,,,,
桂林航空高层集体受罚,147885,1103233,1407604,2381688,1907503,1757150,1494466,1296583,633866,575930,2904201,3032680,674442,1211720,380053,539107,345755,225960,90732,128523,52780,43103,39078,59554,56465,64749,113592,216334,359645,78963,76929,,,,,,,,,,,,,,,,,,
文化输出成功的影视剧,307569,379083,481126,408616,282793,223509,207900,138224,160567,129727,,,,,,,,,,,,,,,,,,,,,,,,,,,,,,,,,,,,,,,
煮红酒,116258,228984,325997,387956,308204,232736,129482,131328,99638,70984,48045,38773,32563,26964,22532,16573,14508,13965,13895,18494,27868,46257,64523,,,,,,,,,,,,,,,,,,,,,,,,,,
华为2020年末位淘汰主管,138307,382943,408284,397551,312342,213386,189863,155096,135436,155661,158462,139821,,,,,,,,,,,,,,,,,,,,,,,,,,,,,,,,,,,,,
艾伦发文,138811,529489,3283502,2660006,2013890,899971,666086,,,,,,,,,,,,,,,,,,,,,,,,,,,,,,,,,,,,,,,,,,
腾讯年会,239253,563241,998461,290884,260253,185563,133028,101420,52893,72376,57018,48505,49646,50018,56899,89449,102186,242116,232855,233013,453905,333556,234433,187410,155115,,,,,,,,,,,,,,,,,,,,,,,,
金鸡百花电影节首批展映片单,135470,584258,531634,430056,310023,212853,142904,87106,60775,44662,34036,30966,28733,26268,26229,38191,60394,109939,104035,75934,65833,,,,,,,,,,,,,,,,,,,,,,,,,,,,
鞋子被学校的狗叼走了,91456,389083,617861,268884,334490,267464,205611,167848,147405,,,,,,,,,,,,,,,,,,,,,,,,,,,,,,,,,,,,,,,,
雪后紫金山,145989,179358,496302,438442,434908,563574,132111,126233,120354,114476,108598,102719,96841,90962,85084,79206,73327,67449,61571,55692,49814,43935,38057,,,,,,,,,,,,,,,,,,,,,,,,,,
朱婷28扣21中,127268,155895,190701,239216,159887,118936,93910,67003,47428,35230,27854,23201,20718,17735,16767,13286,12607,54257,98501,215414,129980,110195,102967,,,,,,,,,,,,,,,,,,,,,,,,,,
湖南卫视跨年阵容,140612,1810195,1840567,1905699,1857099,1712439,1445001,1281633,1163981,1052343,1426447,1354719,723079,1156272,568855,757468,433259,332555,352383,146723,96102,81492,50735,67298,50875,29468,32903,31195,29539,40843,77088,139850,89218,94975,95114,81846,78473,78620,78766,78912,79059,79205,79351,79498,79644,79790,79937,80083,80229
郑雨盛 最佳男主角,269846,364147,304164,213951,154178,98537,84494,53500,40996,35095,29826,27060,28477,33613,55238,124156,340447,300226,233365,169210,127919,102664,,,,,,,,,,,,,,,,,,,,,,,,,,,
掉入地铁轨道被一秒救起,124205,457619,415487,448245,410030,403686,379002,317285,252254,172678,,,,,,,,,,,,,,,,,,,,,,,,,,,,,,,,,,,,,,,
2020年故宫600岁,207137,474502,414560,396322,407240,336143,247358,202081,,,,,,,,,,,,,,,,,,,,,,,,,,,,,,,,,,,,,,,,,
阿中哥把购物车开进了进博会,177255,2474192,1659446,1255780,926277,530779,410698,260201,191401,156857,136037,117582,104647,109736,143216,245639,417949,428473,498412,376885,495228,234441,313596,144906,110178,97576,,,,,,,,,,,,,,,,,,,,,,,
丧偶式恋爱要分手吗,326171,726448,612715,524752,445963,352988,323326,291982,305676,332136,289182,241365,170961,143320,134161,142487,142487,142487,142487,142487,129285,129285,161589,161613,161533,117993,280821,205411,196374,173473,130801,113709,96496,,,,,,,,,,,,,,,,
班主任设置了五十个班委,106595,1303050,1719565,1728937,1514742,1294660,1251199,1168878,1010328,792732,745359,1023481,634745,811033,449137,616614,361231,302231,540980,625458,194518,123466,,,,,,,,,,,,,,,,,,,,,,,,,,,
和前任发的最后一条消息,96845,391830,396341,390438,359761,358656,291496,225546,225718,186086,176193,148420,134620,121041,,,,,,,,,,,,,,,,,,,,,,,,,,,,,,,,,,,
熬夜能可怕到什么程度,80363,623633,752048,598012,472229,398645,330828,271516,273007,298047,295692,240028,199915,158895,,,,,,,,,,,,,,,,,,,,,,,,,,,,,,,,,,,
从发工资时间看公司状态,139151,465786,298060,795563,636541,534653,552260,430627,358714,326842,297499,267562,226812,182942,160452,,,,,,,,,,,,,,,,,,,,,,,,,,,,,,,,,,
最用心的女扮男装,126423,155172,145470,112940,79522,60365,46569,34013,24162,19021,15805,16490,22925,33658,58556,94781,147097,169904,147309,127923,118858,106930,83448,,,,,,,,,,,,,,,,,,,,,,,,,,
王一博等赵丽颖,111618,1440235,2475368,2239964,2232280,2156953,2084263,1888941,745715,731021,945595,773092,583190,402650,280865,202593,132365,77096,60958,55433,76401,50597,39194,37538,54018,92825,104443,110172,116095,115035,102080,92227,78192,40281,,,,,,,,,,,,,,,
王源被妈妈安排相亲,178819,831617,748441,643998,555712,500847,410237,463176,417995,410438,712707,526341,348901,196584,141980,90023,66378,49728,39224,32545,32044,30035,39147,98408,212072,275662,250775,244094,192747,136533,109963,103525,,,,,,,,,,,,,,,,,
杀人回忆原型清晰长相,125848,212511,322059,254833,200156,155387,159508,150804,155470,,,,,,,,,,,,,,,,,,,,,,,,,,,,,,,,,,,,,,,,
佩服冬天露脚踝的人,82956,277777,376629,385842,334052,256291,257501,252786,240702,225054,222279,189886,197794,184321,169722,169487,166222,143575,107685,75526,46564,34685,,,,,,,,,,,,,,,,,,,,,,,,,,,
微信推出QQ小程序,125673,2244579,3230059,3004988,2308865,1982698,1460862,1102639,1888104,799273,732398,777262,661614,457064,498625,687027,223100,191852,194820,250561,681287,138218,89687,59389,35269,27283,20271,,,,,,,,,,,,,,,,,,,,,,
迪士尼公主礼服,152571,777063,799285,578763,437181,479250,444753,433911,371275,324064,861251,947176,751719,543699,714042,503070,388960,260188,118519,107924,59593,103762,95907,49252,112742,114252,186318,454002,663354,610874,353319,,,,,,,,,,,,,,,,,,
TFBOYS坐台下等到散场,141344,334052,333033,275426,278342,235865,267085,304793,218809,262242,219592,194050,214146,169071,147561,172335,,,,,,,,,,,,,,,,,,,,,,,,,,,,,,,,,
陈念与小北之间是爱情吗,151243,1300318,1190392,1092356,939805,767652,723192,638806,993432,444848,780111,413446,944340,661947,579186,635764,192032,152511,138780,123720,108660,93600,78541,63481,48421,33361,20147,19512,16343,13174,10006,8535,7896,,,,,,,,,,,,,,,,
杜鹃走秀勾到吴宣仪裙子,125499,3358826,4363140,4047662,3428824,2750934,2237678,1378873,931336,599786,410639,305870,236794,174505,117202,96256,86280,82706,129972,271339,526135,613556,231151,159495,146096,188584,148971,123823,102098,,,,,,,,,,,,,,,,,,,,
就是瘦不下来是什么体验,87319,230292,210967,432399,336917,264660,196501,154080,143591,130687,122477,,,,,,,,,,,,,,,,,,,,,,,,,,,,,,,,,,,,,,
苹果一半员工没大学学历,210000,528690,582803,1305495,1277359,1159978,1030422,1054207,875120,778664,516327,288717,202210,268148,117527,144640,112801,87628,72222,83185,82377,98680,117946,203704,431429,561986,605651,588602,194511,132633,114209,,,,,,,,,,,,,,,,,,
Gap子品牌OldNavy将撤离中国市场,156564,1134458,1295193,1027484,914830,708240,616335,526417,408623,255435,150044,112231,,,,,,,,,,,,,,,,,,,,,,,,,,,,,,,,,,,,,
沈阳居民楼大火系因住户插排故障,102506,151129,209832,218950,164625,151812,125567,109571,88675,147469,164235,123808,102987,82725,70988,50424,41560,44079,28260,40551,69541,164285,200676,116313,74410,,,,,,,,,,,,,,,,,,,,,,,,
男友晒陈乔恩近照,86061,3502693,3898627,3568600,2663931,2338704,2239451,1989808,1665575,1207513,859130,559894,386733,270041,192721,140106,105158,94630,77900,51464,52378,56268,94851,184279,386566,311286,219137,230196,,,,,,,,,,,,,,,,,,,,,
今年的成年人好像都很爱哭,122723,339734,339910,350705,352561,471732,544213,541976,575495,495837,197384,131830,102491,76446,57000,42469,33561,25701,20030,17978,14998,23165,34585,37325,29575,28138,32252,41726,,,,,,,,,,,,,,,,,,,,,
男生身高170以下的感受,177858,340555,373235,343767,581257,331731,299035,333289,259388,194323,163532,,,,,,,,,,,,,,,,,,,,,,,,,,,,,,,,,,,,,,
为减少袁咏仪购物却碰上李佳琦,131652,2127618,4142960,3892254,2881796,2413644,2105663,461847,532152,430398,495553,534580,346948,239529,229461,280140,353656,271006,217897,162068,104862,72888,51942,39402,31100,24807,20122,18723,17797,17501,19502,25704,64465,83979,,,,,,,,,,,,,,,
杨幂金丝眼镜,64227,1612171,1347865,1209197,919838,965820,649855,443173,562797,512590,513036,354989,342114,237835,217336,173174,132902,123462,116335,77608,62549,,,,,,,,,,,,,,,,,,,,,,,,,,,,
圈内成员揭秘薅羊毛行为,66657,706219,759797,618377,461673,383844,398160,373132,365146,1420817,977999,733969,678145,263840,344802,848641,103105,55902,,,,,,,,,,,,,,,,,,,,,,,,,,,,,,,
张若昀回应打过唇钉,83933,3391603,4003366,3703486,3213102,2931132,2158306,1686983,1309731,1296707,328138,316768,363491,325205,268568,214028,165011,115019,78753,50041,40117,29860,25030,22595,19074,22305,31255,48852,52090,,,,,,,,,,,,,,,,,,,,
打车收千元司机被吊销资格证,163614,256942,242050,197044,120760,81929,76681,71432,66183,60934,55685,50437,45188,39939,34690,29441,24192,18944,13695,,,,,,,,,,,,,,,,,,,,,,,,,,,,,,
90后老师的专属教学方式,158220,896759,877204,715042,621581,426434,289884,262051,316417,302410,215148,166444,139406,,,,,,,,,,,,,,,,,,,,,,,,,,,,,,,,,,,,
驻澳门部队进驻之初珍贵训练画面,328908,112724,,,,,,,,,,,,,,,,,,,,,,,,,,,,,,,,,,,,,,,,,,,,,,,
长毛解说,82179,238699,293287,229716,159363,124487,100423,,,,,,,,,,,,,,,,,,,,,,,,,,,,,,,,,,,,,,,,,,
当代青年为了省钱有多拼,133203,256848,440909,340751,329574,311774,263632,296055,228496,197107,191577,,,,,,,,,,,,,,,,,,,,,,,,,,,,,,,,,,,,,,
自媒体能作为长期职业吗,95775,201670,242076,231435,193990,179399,174211,156598,137510,127881,131716,129446,111375,90208,62484,40981,27619,21092,17655,15987,14286,13750,12874,11163,11816,15288,24304,42302,,,,,,,,,,,,,,,,,,,,,
赵今麦暗黑系大片,164798,286361,306644,298223,277991,260371,265839,312271,254097,276311,352848,220181,204513,180876,145170,115681,78230,56252,39828,28179,18789,15320,,,,,,,,,,,,,,,,,,,,,,,,,,,
男生如何报身高,179099,192903,325813,331817,301464,252406,178204,136273,,,,,,,,,,,,,,,,,,,,,,,,,,,,,,,,,,,,,,,,,
云光中被双开,132303,259555,212296,280515,275715,251738,296598,278596,318054,281474,316356,252066,233725,294162,403616,435374,347485,195385,149559,100891,78365,55213,45790,37137,30928,28543,24268,21425,23319,32979,56181,105152,173477,231664,209564,,,,,,,,,,,,,,
mata被换下去,187453,503066,709900,731789,537713,425937,250708,140027,116701,99490,73309,68644,65249,33009,30500,34705,55507,174356,302015,118510,,,,,,,,,,,,,,,,,,,,,,,,,,,,,
Amber晒fx合唱视频,119066,599164,417671,433368,325786,265687,211999,187540,160809,150631,,,,,,,,,,,,,,,,,,,,,,,,,,,,,,,,,,,,,,,
闫妮 半露锁骨装,182220,231438,295067,259320,316675,293091,249139,161545,195317,167521,163499,159477,155455,151433,147412,143390,139368,135346,131325,127303,123281,119259,115238,111216,107194,103172,99151,95129,91107,87085,83064,79042,75020,70998,66977,62955,58933,54911,50889,46868,42846,35950,,,,,,,
刘嘉玲 汤臣一品没有房子,141798,2004405,2095314,1971568,1757979,1663678,1590931,1238889,997649,452272,410671,311647,261528,184922,170385,128890,99767,63427,55647,43552,33515,26630,20952,18386,15729,16335,23122,40278,77348,111961,166681,179879,,,,,,,,,,,,,,,,,
冬天一定要吃的食物,174042,278396,231321,224851,196917,199373,245447,278867,291535,256232,195887,135750,94365,59170,44853,35650,29694,27634,22685,17908,15022,14740,16946,23639,44450,64881,83312,80422,,,,,,,,,,,,,,,,,,,,,
帽子对男生有多重要,136156,302409,317624,233263,266225,209306,198344,203476,184714,155062,131333,120834,,,,,,,,,,,,,,,,,,,,,,,,,,,,,,,,,,,,,
被好朋友告白怎么办,186448,562673,692414,722941,697824,679425,1347486,1306236,941772,611334,485053,505094,483419,387928,,,,,,,,,,,,,,,,,,,,,,,,,,,,,,,,,,,
王嘉尔帮粉丝揉头,48810,198524,242766,283360,180950,365285,429221,318198,221512,191370,,,,,,,,,,,,,,,,,,,,,,,,,,,,,,,,,,,,,,,
杜江谈霍思燕害怕香蕉的原因,187770,5375634,4996120,4450444,3229153,2755320,2479835,2249627,1891235,1578706,1332120,1009411,750492,474589,278947,186682,128504,119189,88152,73793,66941,65051,59432,80604,146689,305269,200150,213375,195543,,,,,,,,,,,,,,,,,,,,
李娜姜山相处模式,168775,997376,577077,1074658,1082291,757998,494178,159077,99647,76103,63670,68581,48600,37812,33222,36318,47404,84799,164296,257795,451462,1234506,233909,132733,,,,,,,,,,,,,,,,,,,,,,,,,
南风关注iG官博,179642,349619,445451,386648,306523,241910,201268,163780,,,,,,,,,,,,,,,,,,,,,,,,,,,,,,,,,,,,,,,,,
奔驰女车主母亲被2次限制高消费,207924,475382,448681,583693,960977,767618,309193,412057,251109,161023,121092,59786,72554,62112,55246,50177,52133,40123,48261,84368,153578,179622,180607,140062,128333,94481,,,,,,,,,,,,,,,,,,,,,,,
刘惜君 你把头发剪短了,130095,4101954,4236151,3743476,3740057,3498378,3362497,4905364,619125,566894,504765,582514,336377,273740,309297,299767,230897,117760,112844,107927,103011,98095,93179,88262,83346,78430,73514,68597,63681,58765,53849,48933,44016,39100,34184,29268,24351,19435,14519,9603,,,,,,,,,
大学生情侣教科书式救人,52467,914705,1195526,1068205,898833,789126,678072,545440,452644,336966,287341,219254,181426,105349,85908,,,,,,,,,,,,,,,,,,,,,,,,,,,,,,,,,,
2017太好了,128313,426935,372382,281105,216918,185688,145919,115852,,,,,,,,,,,,,,,,,,,,,,,,,,,,,,,,,,,,,,,,,
看一集就上头的剧,129880,288530,288614,218362,206127,217519,254632,278254,458781,234022,396607,361832,347188,301880,266860,186313,132015,88393,61782,48253,30899,23546,19818,18295,16944,16237,18797,26880,46014,64003,78979,84105,83296,70927,,,,,,,,,,,,,,,
历史上人类最长牙齿,132336,290697,341025,354731,300937,387674,315316,315455,319892,294098,266992,204137,149475,135909,124202,,,,,,,,,,,,,,,,,,,,,,,,,,,,,,,,,,
黄婷婷ins,81199,2269184,2309023,1833947,1210029,197263,,,,,,,,,,,,,,,,,,,,,,,,,,,,,,,,,,,,,,,,,,,
EXO 舞台,46276,161559,233553,192663,206547,175680,146917,141453,,,,,,,,,,,,,,,,,,,,,,,,,,,,,,,,,,,,,,,,,
网易致歉,196849,1389314,2318715,4607499,4811021,3287663,2670607,1588015,1270540,2119990,2378260,730899,905513,917147,630694,708743,356680,568900,209922,168514,122330,113740,105149,96559,87969,79379,70788,62198,53608,45018,36427,27837,19247,16784,16978,13999,11866,12174,12848,17081,,,,,,,,,
科学家种钻石1星期长1克拉,111054,476774,485207,521943,465307,452476,453047,383965,317658,233996,502116,120134,132834,97166,79614,64085,54531,38770,41055,38580,24844,81908,157513,239131,99638,96512,,,,,,,,,,,,,,,,,,,,,,,
宋祖儿民族风造型,161369,400640,719668,674432,421350,210815,144670,101059,67216,58635,49846,46049,37812,27017,20885,20685,23692,37921,74167,146578,154554,161406,135876,105009,84833,,,,,,,,,,,,,,,,,,,,,,,,
14个越南家庭报案家人疑失踪英国,136391,800568,689301,641448,603337,692767,459544,527076,530311,379594,414046,371954,638490,551615,375259,253053,168464,105078,70674,52253,39282,30575,25547,24273,25927,30853,47273,147676,110902,120651,116116,117058,99128,87935,79398,,,,,,,,,,,,,,
托福对接中国英语能力等级量表,124969,226218,211203,168793,127242,,,,,,,,,,,,,,,,,,,,,,,,,,,,,,,,,,,,,,,,,,,,
19年度明星沙雕翻唱大赏,138989,300364,341255,338877,252228,164256,110498,74164,52380,45075,37623,29953,24565,22406,17233,15099,16315,31134,81804,158873,170855,146310,96852,,,,,,,,,,,,,,,,,,,,,,,,,,
于正说的女演员,180634,362086,1815183,546756,502916,416431,409520,405574,274697,296088,264164,246626,252054,301214,324095,197283,,,,,,,,,,,,,,,,,,,,,,,,,,,,,,,,,
2018年中国器官捐献数世界第二,34320,510372,424594,437304,308931,286418,344323,267202,276098,318851,,,,,,,,,,,,,,,,,,,,,,,,,,,,,,,,,,,,,,,
蔡徐坤 青你2制作人代表,118167,1481396,1420067,1249037,1115103,1045413,968364,609267,562657,442604,356197,386466,207850,200106,184890,167736,152667,140528,104749,76832,50168,37529,30943,25919,22423,18233,15926,14867,13322,12717,15804,21741,,,,,,,,,,,,,,,,,
该不该帮朋友打掩护,216317,1227011,1096392,1107323,1226948,1262728,906610,509155,308509,217872,160459,107942,88419,74216,71296,64943,69557,97426,167175,339356,342920,383788,465465,158598,,,,,,,,,,,,,,,,,,,,,,,,,
年轻人想早睡有多难,146748,169838,223987,233117,164513,132716,147961,156091,151546,134438,98570,57169,34747,25830,19232,16109,13827,12486,11771,13199,11149,11059,14978,24590,,,,,,,,,,,,,,,,,,,,,,,,,
为啥北方一过节就吃饺子,146315,196860,366040,400656,380405,397538,380996,338051,307341,342704,296280,274173,308913,530952,699661,624868,476532,372097,199031,150121,113917,93635,72983,85126,69700,20760,13182,9868,9157,10401,14435,20769,,,,,,,,,,,,,,,,,
德云社团综,266641,670488,518497,407474,408993,364722,319058,265315,205897,192759,244425,222374,164506,105609,61799,39476,28574,,,,,,,,,,,,,,,,,,,,,,,,,,,,,,,,
厦大最美文艺隧道遭涂鸦,135819,243996,329338,502166,468635,369344,359817,336742,379080,275378,346492,337464,198037,143426,324261,366439,,,,,,,,,,,,,,,,,,,,,,,,,,,,,,,,,
为什么包邮区会下大雪,103261,726602,521063,527204,311034,331942,303019,225187,172465,142017,,,,,,,,,,,,,,,,,,,,,,,,,,,,,,,,,,,,,,,
李现为杨紫庆生,203806,1992051,1770825,1612765,1650069,1648862,1445595,647545,640782,450890,613975,641974,343188,317536,362388,325169,252153,269944,290859,268880,154609,107179,68747,43233,30977,25435,21709,17895,17295,15829,13903,15819,20116,31472,48884,63705,,,,,,,,,,,,,
李现古装刘海,165420,238100,213138,283855,256689,217859,248764,226612,241588,216323,175445,213458,202285,183448,170752,174828,140605,,,,,,,,,,,,,,,,,,,,,,,,,,,,,,,,
高以翔追我吧录制画面,53739,311180,394247,539640,520062,334242,137144,,,,,,,,,,,,,,,,,,,,,,,,,,,,,,,,,,,,,,,,,,
庆余年角色名,166565,431650,424435,401337,356126,303402,294430,316149,297872,256066,235124,235542,277310,288863,292355,281183,260529,223291,182284,131484,74234,50812,37954,30035,25604,22169,20287,16539,14061,13637,15961,25525,45744,63829,,,,,,,,,,,,,,,
周震南复古宫廷风,148274,236442,220942,205443,189944,174445,158945,143446,127947,112448,96948,81449,65950,50451,34951,19452,,,,,,,,,,,,,,,,,,,,,,,,,,,,,,,,,
怎么试探女朋友生没生气,106766,282470,246319,220929,403644,355457,366985,258317,176756,149231,,,,,,,,,,,,,,,,,,,,,,,,,,,,,,,,,,,,,,,
珍珠奶茶馒头,230692,1084892,1097164,949780,711340,526454,368862,293188,221059,166088,153561,68758,58335,49520,45902,45372,58271,85715,165496,249761,259283,498652,435352,406255,325782,124113,,,,,,,,,,,,,,,,,,,,,,,
没有TFBOYS的节目,137468,2421473,2464130,445431,604537,468475,347840,241397,332441,600029,472325,364280,286606,218918,166857,139069,129910,118813,157464,286367,552187,691588,174400,143976,113920,,,,,,,,,,,,,,,,,,,,,,,,
女生眼中的腿精,116787,757101,749111,661900,595024,511675,447863,386394,375705,307098,275564,259119,246470,222541,197247,172284,145647,145487,139453,120511,96907,77681,56695,37258,28400,22032,17474,14570,12669,11533,11020,11197,12665,16085,26225,,,,,,,,,,,,,,
岳云鹏给军艺三大校草颜值排序,78010,270450,385386,393139,334835,194757,,,,,,,,,,,,,,,,,,,,,,,,,,,,,,,,,,,,,,,,,,,
张大大 抑郁症,149911,4819682,4897000,4663691,4614273,4187010,3823712,3335253,2988173,2691547,2716986,2546798,1599552,405756,390051,360229,448682,427820,390987,280503,297619,218323,225650,181970,136845,96179,66026,45962,34538,26953,23385,20024,19134,18158,18496,22139,34619,56208,,,,,,,,,,,
本专业令你震惊的冷知识,166724,208894,296889,265943,227253,226951,194839,143961,93068,61448,48249,38124,31400,26066,24029,23283,22155,24450,41706,87862,139760,177699,167481,137431,106825,,,,,,,,,,,,,,,,,,,,,,,,
马思纯肚子,203337,3930086,4929377,4808243,4384467,3580000,2909076,2301894,1630340,2134334,1856554,1210062,711814,908186,820546,346767,,,,,,,,,,,,,,,,,,,,,,,,,,,,,,,,,
吴彦祖谈阑尾破裂经历,88971,1437619,2062079,1905090,1514560,1273520,1076023,836359,629790,772555,603365,223217,,,,,,,,,,,,,,,,,,,,,,,,,,,,,,,,,,,,,
戴着耳机最好不要说话,171772,160285,693428,887329,591898,229717,193078,142671,106823,88013,73524,56318,75634,111439,230368,361225,351308,326327,173073,194456,228468,726667,581062,438939,326289,256251,195333,161807,,,,,,,,,,,,,,,,,,,,,
李艺彤回应黄婷婷解约,165972,1987008,2245854,2060304,1581780,640948,735246,341074,306765,295559,248258,178348,133760,98780,70602,54136,41909,34778,30335,26755,26942,32644,46964,76370,88859,102059,103328,,,,,,,,,,,,,,,,,,,,,,
惹不起的殿下大人太好笑了,80890,446284,399167,373473,316434,290313,360216,238763,341449,231285,217404,181231,145741,138669,,,,,,,,,,,,,,,,,,,,,,,,,,,,,,,,,,,
泰山币,145644,282067,251902,181323,119542,86186,66741,43360,29465,31693,24471,45701,66388,119028,119177,113306,102723,94631,97852,198410,103393,106073,137635,137625,137614,137604,137593,137583,137573,137562,137552,137541,137531,137520,137510,137500,137489,137479,137468,137458,137448,137437,137427,137416,137406,137395,137385,137375,137364
李玟雨无强制猥亵嫌疑,141430,514078,551822,933854,267926,204627,,,,,,,,,,,,,,,,,,,,,,,,,,,,,,,,,,,,,,,,,,,
邓稼先去世前对爱人说的话,112867,1452729,1409729,1250841,2498417,4390409,3921298,830202,778797,461350,2521454,183767,373646,178507,,,,,,,,,,,,,,,,,,,,,,,,,,,,,,,,,,,
唐嫣 腿,188218,1400527,1108990,955931,969491,830700,720979,690260,808321,1941527,1772959,1523635,923054,473706,286926,240015,257457,,,,,,,,,,,,,,,,,,,,,,,,,,,,,,,,
在考场里见过的奇葩事,130261,326855,263447,242260,,,,,,,,,,,,,,,,,,,,,,,,,,,,,,,,,,,,,,,,,,,,,
05后的恋爱速度,125678,294424,382541,373591,278347,249886,242213,229521,234552,241637,,,,,,,,,,,,,,,,,,,,,,,,,,,,,,,,,,,,,,,
杨紫牛仔帽,174832,595319,1045787,1279854,430138,312417,295179,221983,166402,195279,192216,186962,206707,,,,,,,,,,,,,,,,,,,,,,,,,,,,,,,,,,,,
江一燕获奖别墅未获规划审批,36040,82148,348798,174665,202977,233059,1973359,1607939,1271884,691997,396691,303986,225916,144776,158032,,,,,,,,,,,,,,,,,,,,,,,,,,,,,,,,,,
越南确认全部遇难者是越南人,133905,1291176,2267963,2039506,1554768,1207471,820221,487603,375535,271841,217899,187677,122459,111893,103858,114768,127479,281931,586777,369839,857893,270044,348027,198898,224276,174314,210826,253085,202222,214100,369915,63764,,,,,,,,,,,,,,,,,
爸爸为孩子打造星空卧室,188264,544894,699590,865278,619134,444636,490190,656992,576563,452781,392545,371721,367637,1035529,163650,,,,,,,,,,,,,,,,,,,,,,,,,,,,,,,,,,
降落时发现海里全是水母,47871,297302,340045,1110854,869767,750974,677187,400896,463344,392220,326444,346080,354446,247372,210240,161244,122010,111974,101998,,,,,,,,,,,,,,,,,,,,,,,,,,,,,,
金骨朵,137327,450685,427529,514990,408287,282775,208146,180189,146484,,,,,,,,,,,,,,,,,,,,,,,,,,,,,,,,,,,,,,,,
鲍鱼卖出白菜价,120306,587214,790786,730822,318199,470466,385412,277781,196998,137366,98681,62022,49093,43843,36762,31758,24680,23076,42403,77729,161089,213814,221831,289643,268071,204055,149864,133479,119525,105593,96811,94684,86179,63237,49502,,,,,,,,,,,,,,
黄晓明卷毛,58693,216320,283331,311427,276705,267165,211447,192073,182440,188245,251583,270792,301875,341795,291950,191375,,,,,,,,,,,,,,,,,,,,,,,,,,,,,,,,,
GRF全员成为自由人,222543,377977,370645,314800,755484,544978,376233,251685,173449,140634,115568,32910,89760,82288,88910,113996,135672,90343,95045,77069,,,,,,,,,,,,,,,,,,,,,,,,,,,,,
外交部 美方锁住门囚禁的是自己,211479,978078,601314,830035,274306,334978,315474,314486,278486,,,,,,,,,,,,,,,,,,,,,,,,,,,,,,,,,,,,,,,,
你本人和照片的区别,141635,289641,261086,267514,273769,260632,273864,282694,341722,374473,362468,364536,263618,197290,137901,89256,66182,51399,41053,31463,23876,21434,20166,21279,28878,51011,78308,89198,104483,114664,104318,,,,,,,,,,,,,,,,,,
治疗艾滋病白血病新方法,157547,1489404,1488992,1155704,759413,1137743,2533206,2471464,472074,1002258,975389,863263,740340,676855,752602,694540,536444,644894,534811,892148,1307449,790305,666873,310244,277352,208633,186153,152595,108328,79000,66713,47721,36457,33345,29708,36292,50289,85847,106878,,,,,,,,,,
爸妈比你还好看是什么体验,159548,410995,374315,355749,287585,232224,214883,185657,174180,122828,,,,,,,,,,,,,,,,,,,,,,,,,,,,,,,,,,,,,,,
李诚儒感谢李宇春的勇敢,151661,522103,1432742,1106387,763727,509942,353679,224433,83804,59158,46665,75772,77388,78087,83920,119933,206646,52991,128968,106019,109624,102345,,,,,,,,,,,,,,,,,,,,,,,,,,,
康辉撒贝宁讨论饭圈女孩,91956,1240227,1436061,1402751,1666203,1831569,2064093,1422371,601909,431916,340712,339036,,,,,,,,,,,,,,,,,,,,,,,,,,,,,,,,,,,,,
林峯张馨月合照,22842,1416811,1456258,354244,438655,399126,408902,457686,239963,208366,233880,235594,285918,207494,146094,,,,,,,,,,,,,,,,,,,,,,,,,,,,,,,,,,
有个妹妹是一种什么体验,64060,372535,475033,419519,375056,306458,272749,239827,207447,175702,164007,,,,,,,,,,,,,,,,,,,,,,,,,,,,,,,,,,,,,,
你见过吃相最好看的人,206050,250742,349365,424748,304580,339148,371982,327532,326792,269200,204042,172832,143722,,,,,,,,,,,,,,,,,,,,,,,,,,,,,,,,,,,,
孟美岐古装反串造型,92436,199254,252124,233448,214192,228972,268272,228992,289454,297127,245119,189348,121317,135429,129891,,,,,,,,,,,,,,,,,,,,,,,,,,,,,,,,,,
北京暴雪蓝色预警,156123,323795,747960,422188,420778,436921,594083,456994,675111,768864,866254,832588,579536,312397,159096,100938,73296,59792,48449,38628,49476,54694,47817,42783,25008,24729,31616,60234,117232,52959,75268,71820,52827,46223,43342,,,,,,,,,,,,,,
